"CountyName","ReferralYear","CountyID","Count","LabelLongitude","LabelLatitude","PopTotal","CountPerCapitaAnnual","CountRank","CountPerCapitaRank"
"Adair",2001,1,40,-94.6641458915974,35.9069668367649,21050,0.00190023752969121,346,317
"Adair",2002,1,106,-94.6641458915974,35.9069668367649,21066,0.00503180480394949,585.5,648
"Adair",2003,1,75,-94.6641458915974,35.9069668367649,21179,0.0035412436847821,495,518
"Adair",2004,1,116,-94.6641458915974,35.9069668367649,21285,0.00544984731031243,604.5,678
"Adair",2005,1,187,-94.6641458915974,35.9069668367649,21371,0.00875017547143325,719.5,824
"Adair",2006,1,223,-94.6641458915974,35.9069668367649,21599,0.0103245520625955,770.5,859
"Adair",2007,1,264,-94.6641458915974,35.9069668367649,21858,0.012077957727148,807,885
"Adair",2008,1,223,-94.6641458915974,35.9069668367649,21938,0.0101650104840915,770.5,854
"Adair",2009,1,229,-94.6641458915974,35.9069668367649,21857,0.0104771926613899,777,863
"Adair",2010,1,186,-94.6641458915974,35.9069668367649,21857,0.00850985954156563,718,816
"Adair",2011,1,111,-94.6641458915974,35.9069668367649,22748,0.00487954985053631,596,635
"Adair",2012,1,0,-94.6641458915974,35.9069668367649,22612,0,48,48
"Alfalfa",2001,2,1,-98.32320857933,36.7309255630188,6080,0.000164473684210526,98.5,102
"Alfalfa",2002,2,0,-98.32320857933,36.7309255630188,5926,0,48,48
"Alfalfa",2003,2,7,-98.32320857933,36.7309255630188,5886,0.00118926265715257,145,216
"Alfalfa",2004,2,31,-98.32320857933,36.7309255630188,5800,0.0053448275862069,302,670
"Alfalfa",2005,2,36,-98.32320857933,36.7309255630188,5748,0.00626304801670146,323,731
"Alfalfa",2006,2,23,-98.32320857933,36.7309255630188,5656,0.00406647807637907,260,577
"Alfalfa",2007,2,29,-98.32320857933,36.7309255630188,5584,0.00519340974212034,291,662
"Alfalfa",2008,2,69,-98.32320857933,36.7309255630188,5571,0.0123855681206247,467,888
"Alfalfa",2009,2,2,-98.32320857933,36.7309255630188,5565,0.000359389038634322,107,112
"Alfalfa",2010,2,15,-98.32320857933,36.7309255630188,5481,0.00273672687465791,211.5,437
"Alfalfa",2011,2,18,-98.32320857933,36.7309255630188,5643,0.00318979266347687,234.5,488
"Alfalfa",2012,2,0,-98.32320857933,36.7309255630188,5662,0,48,48
"Atoka",2001,3,7,-96.0420499703509,34.3809870625568,13840,0.000505780346820809,145,120
"Atoka",2002,3,17,-96.0420499703509,34.3809870625568,13896,0.00122337363270006,226.5,225
"Atoka",2003,3,4,-96.0420499703509,34.3809870625568,13987,0.000285979838421391,123,110
"Atoka",2004,3,8,-96.0420499703509,34.3809870625568,14155,0.000565171317555634,156.5,124
"Atoka",2005,3,29,-96.0420499703509,34.3809870625568,14290,0.00202939118264521,291,340
"Atoka",2006,3,49,-96.0420499703509,34.3809870625568,14288,0.00342945128779395,384.5,508
"Atoka",2007,3,122,-96.0420499703509,34.3809870625568,14308,0.00852669835057311,612.5,817
"Atoka",2008,3,105,-96.0420499703509,34.3809870625568,14453,0.00726492769667197,583,773
"Atoka",2009,3,79,-96.0420499703509,34.3809870625568,14573,0.00542098401152817,512.5,677
"Atoka",2010,3,72,-96.0420499703509,34.3809870625568,14498,0.00496620223479101,480,639
"Atoka",2011,3,69,-96.0420499703509,34.3809870625568,14215,0.00485402743580725,467,632
"Atoka",2012,3,0,-96.0420499703509,34.3809870625568,14206,0,48,48
"Beaver",2001,4,0,-100.474745176143,36.7458468405142,5792,0,48,48
"Beaver",2002,4,0,-100.474745176143,36.7458468405142,5641,0,48,48
"Beaver",2003,4,0,-100.474745176143,36.7458468405142,5564,0,48,48
"Beaver",2004,4,1,-100.474745176143,36.7458468405142,5519,0.000181192244971915,98.5,103
"Beaver",2005,4,1,-100.474745176143,36.7458468405142,5452,0.000183418928833456,98.5,104
"Beaver",2006,4,13,-100.474745176143,36.7458468405142,5403,0.00240607070146215,197.5,391
"Beaver",2007,4,8,-100.474745176143,36.7458468405142,5313,0.00150574063617542,156.5,264
"Beaver",2008,4,7,-100.474745176143,36.7458468405142,5325,0.00131455399061033,145,236
"Beaver",2009,4,50,-100.474745176143,36.7458468405142,5242,0.0095383441434567,390,837
"Beaver",2010,4,14,-100.474745176143,36.7458468405142,5270,0.00265654648956357,205,425
"Beaver",2011,4,4,-100.474745176143,36.7458468405142,5650,0.000707964601769912,123,139
"Beaver",2012,4,0,-100.474745176143,36.7458468405142,5624,0,48,48
"Beckham",2001,5,71,-99.686661710574,35.2696357540839,19744,0.00359602917341977,474.5,522
"Beckham",2002,5,75,-99.686661710574,35.2696357540839,19778,0.00379209222368288,495,549
"Beckham",2003,5,77,-99.686661710574,35.2696357540839,19849,0.00387928862915008,506.5,561
"Beckham",2004,5,134,-99.686661710574,35.2696357540839,19205,0.00697734964852903,642.5,763
"Beckham",2005,5,167,-99.686661710574,35.2696357540839,18164,0.00919401012992733,700,833
"Beckham",2006,5,237,-99.686661710574,35.2696357540839,18630,0.0127214170692432,781,891
"Beckham",2007,5,294,-99.686661710574,35.2696357540839,19315,0.0152213305720942,823,902
"Beckham",2008,5,207,-99.686661710574,35.2696357540839,20787,0.00995814691874729,753.5,850
"Beckham",2009,5,308,-99.686661710574,35.2696357540839,21494,0.0143295803480041,829.5,901
"Beckham",2010,5,199,-99.686661710574,35.2696357540839,21116,0.00942413335859064,740.5,835
"Beckham",2011,5,165,-99.686661710574,35.2696357540839,22029,0.00749012665123247,696,782
"Beckham",2012,5,0,-99.686661710574,35.2696357540839,22288,0,48,48
"Blaine",2001,6,45,-98.4243959224942,35.8688113906142,11957,0.0037634858242034,365,546
"Blaine",2002,6,57,-98.4243959224942,35.8688113906142,12022,0.00474130760272833,423.5,626
"Blaine",2003,6,76,-98.4243959224942,35.8688113906142,11628,0.0065359477124183,501.5,744
"Blaine",2004,6,33,-98.4243959224942,35.8688113906142,11188,0.00294958884519128,309.5,461
"Blaine",2005,6,127,-98.4243959224942,35.8688113906142,12702,0.00999842544481184,623.5,851
"Blaine",2006,6,199,-98.4243959224942,35.8688113906142,12748,0.0156102918104801,740.5,904
"Blaine",2007,6,240,-98.4243959224942,35.8688113906142,12493,0.0192107580244937,788.5,914
"Blaine",2008,6,238,-98.4243959224942,35.8688113906142,12607,0.0188784008883953,785,912
"Blaine",2009,6,167,-98.4243959224942,35.8688113906142,12668,0.0131828228607515,700,892
"Blaine",2010,6,157,-98.4243959224942,35.8688113906142,12609,0.0124514235863272,686,889
"Blaine",2011,6,54,-98.4243959224942,35.8688113906142,9906,0.00545124167171411,409.5,680
"Blaine",2012,6,0,-98.4243959224942,35.8688113906142,9780,0,48,48
"Bryan",2001,7,67,-96.2558008293072,33.9616831096468,36597,0.00183075115446621,460.5,305
"Bryan",2002,7,57,-96.2558008293072,33.9616831096468,36462,0.00156327135099556,423.5,273
"Bryan",2003,7,40,-96.2558008293072,33.9616831096468,36768,0.00108790252393386,346,201
"Bryan",2004,7,143,-96.2558008293072,33.9616831096468,36872,0.00387828162291169,664.5,560
"Bryan",2005,7,210,-96.2558008293072,33.9616831096468,37367,0.00561993202558407,756,693
"Bryan",2006,7,280,-96.2558008293072,33.9616831096468,37658,0.00743533910457273,816,780
"Bryan",2007,7,397,-96.2558008293072,33.9616831096468,38956,0.010190984700688,862,856
"Bryan",2008,7,316,-96.2558008293072,33.9616831096468,39474,0.008005269291179,835,804
"Bryan",2009,7,399,-96.2558008293072,33.9616831096468,40463,0.00986086053925809,863,846
"Bryan",2010,7,315,-96.2558008293072,33.9616831096468,40783,0.00772380648799745,834,793
"Bryan",2011,7,213,-96.2558008293072,33.9616831096468,42572,0.00500328854646246,762,643
"Bryan",2012,7,2,-96.2558008293072,33.9616831096468,43089,4.64155584952076e-05,107,96
"Caddo",2001,8,36,-98.3718783669626,35.177793720151,30098,0.00119609276363878,323,218
"Caddo",2002,8,46,-98.3718783669626,35.177793720151,29874,0.00153980049541407,372.5,268
"Caddo",2003,8,50,-98.3718783669626,35.177793720151,29828,0.00167627732332037,390,288
"Caddo",2004,8,68,-98.3718783669626,35.177793720151,29925,0.00227234753550543,463,375
"Caddo",2005,8,63,-98.3718783669626,35.177793720151,29903,0.00210681202554928,446,355
"Caddo",2006,8,197,-98.3718783669626,35.177793720151,29689,0.00663545420862946,738,752
"Caddo",2007,8,194,-98.3718783669626,35.177793720151,29637,0.00654587171441104,732,746
"Caddo",2008,8,197,-98.3718783669626,35.177793720151,28479,0.00691737771691422,738,758
"Caddo",2009,8,179,-98.3718783669626,35.177793720151,29329,0.00610317433257186,709,716
"Caddo",2010,8,76,-98.3718783669626,35.177793720151,30393,0.00250057579047807,501.5,406
"Caddo",2011,8,75,-98.3718783669626,35.177793720151,29670,0.00252780586450961,495,412
"Caddo",2012,8,0,-98.3718783669626,35.177793720151,29537,0,48,48
"Canadian",2001,9,162,-97.9753768794938,35.5340567548489,88144,0.00183790161553821,690,308
"Canadian",2002,9,217,-97.9753768794938,35.5340567548489,89521,0.00242401224293741,766.5,395
"Canadian",2003,9,251,-97.9753768794938,35.5340567548489,90699,0.002767395450887,797,445
"Canadian",2004,9,276,-97.9753768794938,35.5340567548489,92230,0.0029925187032419,813,467
"Canadian",2005,9,430,-97.9753768794938,35.5340567548489,94501,0.00455021639982646,872,614
"Canadian",2006,9,847,-97.9753768794938,35.5340567548489,97147,0.00871874581819305,903,822
"Canadian",2007,9,1048,-97.9753768794938,35.5340567548489,100421,0.010436064169845,906,862
"Canadian",2008,9,893,-97.9753768794938,35.5340567548489,103948,0.0085908338784777,905,819
"Canadian",2009,9,862,-97.9753768794938,35.5340567548489,106755,0.00807456325230668,904,805
"Canadian",2010,9,648,-97.9753768794938,35.5340567548489,109668,0.00590874275084801,898,706
"Canadian",2011,9,426,-97.9753768794938,35.5340567548489,116318,0.00366237383723929,870,530
"Canadian",2012,9,0,-97.9753768794938,35.5340567548489,119492,0,48,48
"Carter",2001,10,24,-97.2729492125733,34.2546712262712,45591,0.000526419688096335,265.5,123
"Carter",2002,10,38,-97.2729492125733,34.2546712262712,45595,0.000833424717622546,335.5,155
"Carter",2003,10,31,-97.2729492125733,34.2546712262712,45887,0.000675572602262079,302,137
"Carter",2004,10,138,-97.2729492125733,34.2546712262712,46150,0.00299024918743229,650,465
"Carter",2005,10,98,-97.2729492125733,34.2546712262712,46604,0.00210282379194919,566.5,353
"Carter",2006,10,239,-97.2729492125733,34.2546712262712,46632,0.00512523588951793,787,657
"Carter",2007,10,262,-97.2729492125733,34.2546712262712,46980,0.00557684120902512,804,689
"Carter",2008,10,295,-97.2729492125733,34.2546712262712,47287,0.00623850106794679,824,728
"Carter",2009,10,312,-97.2729492125733,34.2546712262712,47716,0.00653868723279403,832,745
"Carter",2010,10,256,-97.2729492125733,34.2546712262712,48326,0.00529735546082854,800,668
"Carter",2011,10,143,-97.2729492125733,34.2546712262712,47622,0.00300281382554282,664.5,469
"Carter",2012,10,0,-97.2729492125733,34.2546712262712,48096,0,48,48
"Cherokee",2001,11,54,-95.0103824561735,35.9355360744063,42674,0.00126540750808455,409.5,229
"Cherokee",2002,11,58,-95.0103824561735,35.9355360744063,43032,0.00134783416992006,428.5,241
"Cherokee",2003,11,94,-95.0103824561735,35.9355360744063,43518,0.00216002573647686,550.5,361
"Cherokee",2004,11,47,-95.0103824561735,35.9355360744063,43853,0.00107176247919185,378,198
"Cherokee",2005,11,86,-95.0103824561735,35.9355360744063,44129,0.0019488318339414,532.5,322
"Cherokee",2006,11,163,-95.0103824561735,35.9355360744063,44408,0.0036705098180508,692.5,532
"Cherokee",2007,11,263,-95.0103824561735,35.9355360744063,45036,0.00583977262634337,805.5,704
"Cherokee",2008,11,184,-95.0103824561735,35.9355360744063,45065,0.00408299123488295,714,578
"Cherokee",2009,11,173,-95.0103824561735,35.9355360744063,45667,0.00378829351610572,704,548
"Cherokee",2010,11,161,-95.0103824561735,35.9355360744063,46029,0.0034977948684525,689,511
"Cherokee",2011,11,134,-95.0103824561735,35.9355360744063,47165,0.0028410897911587,642.5,451
"Cherokee",2012,11,0,-95.0103824561735,35.9355360744063,47845,0,48,48
"Choctaw",2001,12,24,-95.5473573813567,34.0538123875066,15328,0.00156576200417537,265.5,274
"Choctaw",2002,12,15,-95.5473573813567,34.0538123875066,15143,0.000990556692861388,211.5,181
"Choctaw",2003,12,19,-95.5473573813567,34.0538123875066,15248,0.00124606505771249,241.5,228
"Choctaw",2004,12,47,-95.5473573813567,34.0538123875066,15138,0.00310476945435328,378,477
"Choctaw",2005,12,30,-95.5473573813567,34.0538123875066,15168,0.00197784810126582,296,328
"Choctaw",2006,12,55,-95.5473573813567,34.0538123875066,15087,0.00364552263538145,415.5,528
"Choctaw",2007,12,106,-95.5473573813567,34.0538123875066,15091,0.00702405407196342,585.5,765
"Choctaw",2008,12,98,-95.5473573813567,34.0538123875066,15002,0.00653246233835489,566.5,743
"Choctaw",2009,12,146,-95.5473573813567,34.0538123875066,14885,0.00980853207927444,670.5,842
"Choctaw",2010,12,142,-95.5473573813567,34.0538123875066,14872,0.00954814416352878,660.5,838
"Choctaw",2011,12,80,-95.5473573813567,34.0538123875066,15229,0.00525313546523081,515.5,665
"Choctaw",2012,12,0,-95.5473573813567,34.0538123875066,15250,0,48,48
"Cimarron",2001,13,0,-102.512063683289,36.7373650133402,3149,0,48,48
"Cimarron",2002,13,0,-102.512063683289,36.7373650133402,3053,0,48,48
"Cimarron",2003,13,0,-102.512063683289,36.7373650133402,2974,0,48,48
"Cimarron",2004,13,0,-102.512063683289,36.7373650133402,2896,0,48,48
"Cimarron",2005,13,0,-102.512063683289,36.7373650133402,2794,0,48,48
"Cimarron",2006,13,5,-102.512063683289,36.7373650133402,2708,0.00184638109305761,130,310
"Cimarron",2007,13,2,-102.512063683289,36.7373650133402,2684,0.000745156482861401,107,143
"Cimarron",2008,13,0,-102.512063683289,36.7373650133402,2655,0,48,48
"Cimarron",2009,13,0,-102.512063683289,36.7373650133402,2585,0,48,48
"Cimarron",2010,13,2,-102.512063683289,36.7373650133402,2630,0.000760456273764259,107,145.5
"Cimarron",2011,13,0,-102.512063683289,36.7373650133402,2470,0,48,48
"Cimarron",2012,13,0,-102.512063683289,36.7373650133402,2487,0,48,48
"Cleveland",2001,14,123,-97.3299363042633,35.2012061949784,208403,0.000590202636238442,615,130
"Cleveland",2002,14,203,-97.3299363042633,35.2012061949784,212541,0.000955109837631328,745,178
"Cleveland",2003,14,200,-97.3299363042633,35.2012061949784,215733,0.000927071889789694,742.5,171
"Cleveland",2004,14,309,-97.3299363042633,35.2012061949784,219499,0.00140775128816077,831,250
"Cleveland",2005,14,641,-97.3299363042633,35.2012061949784,222373,0.00288254419376453,897,455
"Cleveland",2006,14,739,-97.3299363042633,35.2012061949784,225835,0.0032723005734275,901,500
"Cleveland",2007,14,756,-97.3299363042633,35.2012061949784,232379,0.00325330602162846,902,496
"Cleveland",2008,14,649,-97.3299363042633,35.2012061949784,235906,0.00275109577543598,899,440
"Cleveland",2009,14,626,-97.3299363042633,35.2012061949784,240568,0.00260217485284826,893,417
"Cleveland",2010,14,423,-97.3299363042633,35.2012061949784,244589,0.00172943182236323,869,296
"Cleveland",2011,14,329,-97.3299363042633,35.2012061949784,256932,0.00128049444989336,841,232
"Cleveland",2012,14,0,-97.3299363042633,35.2012061949784,261281,0,48,48
"Coal",2001,15,7,-96.2861224539074,34.5953455038142,6004,0.00116588940706196,145,214
"Coal",2002,15,35,-96.2861224539074,34.5953455038142,5998,0.00583527842614205,316,703
"Coal",2003,15,27,-96.2861224539074,34.5953455038142,5931,0.00455235204855842,279.5,615
"Coal",2004,15,13,-96.2861224539074,34.5953455038142,5890,0.00220713073005093,197.5,367
"Coal",2005,15,55,-96.2861224539074,34.5953455038142,5836,0.00942426319396847,415.5,836
"Coal",2006,15,61,-96.2861224539074,34.5953455038142,5690,0.0107205623901582,437.5,868
"Coal",2007,15,114,-96.2861224539074,34.5953455038142,5613,0.0203099946552646,602,916
"Coal",2008,15,77,-96.2861224539074,34.5953455038142,5654,0.0136186770428016,506.5,894
"Coal",2009,15,139,-96.2861224539074,34.5953455038142,5672,0.0245063469675599,654,922
"Coal",2010,15,92,-96.2861224539074,34.5953455038142,5856,0.0157103825136612,546,905
"Coal",2011,15,95,-96.2861224539074,34.5953455038142,5911,0.0160717306716292,556,906
"Coal",2012,15,0,-96.2861224539074,34.5953455038142,5928,0,48,48
"Comanche",2001,16,23,-98.4691943985634,34.6655369286933,114675,0.000200566819271855,260,106
"Comanche",2002,16,114,-98.4691943985634,34.6655369286933,112236,0.00101571688228376,602,187
"Comanche",2003,16,125,-98.4691943985634,34.6655369286933,112009,0.0011159817514664,620.5,206
"Comanche",2004,16,118,-98.4691943985634,34.6655369286933,110484,0.00106802794974838,607,197
"Comanche",2005,16,282,-98.4691943985634,34.6655369286933,113630,0.00248173897738273,819,403
"Comanche",2006,16,409,-98.4691943985634,34.6655369286933,111866,0.00365616004862961,866,529
"Comanche",2007,16,627,-98.4691943985634,34.6655369286933,112293,0.0055836071705271,894.5,690
"Comanche",2008,16,549,-98.4691943985634,34.6655369286933,114503,0.00479463420172397,887,631
"Comanche",2009,16,558,-98.4691943985634,34.6655369286933,112249,0.00497109105649048,889,640
"Comanche",2010,16,428,-98.4691943985634,34.6655369286933,113228,0.00377998374960257,871,547
"Comanche",2011,16,266,-98.4691943985634,34.6655369286933,125418,0.00212090768470236,808,356
"Comanche",2012,16,0,-98.4691943985634,34.6655369286933,125815,0,48,48
"Cotton",2001,17,5,-98.368786919333,34.2918378918678,6629,0.000754261577915221,130,144
"Cotton",2002,17,0,-98.368786919333,34.2918378918678,6430,0,48,48
"Cotton",2003,17,9,-98.368786919333,34.2918378918678,6375,0.00141176470588235,167,253
"Cotton",2004,17,6,-98.368786919333,34.2918378918678,6431,0.000932980873892085,136,173
"Cotton",2005,17,35,-98.368786919333,34.2918378918678,6394,0.00547388176415389,316,682
"Cotton",2006,17,40,-98.368786919333,34.2918378918678,6449,0.00620251201736703,346,726
"Cotton",2007,17,24,-98.368786919333,34.2918378918678,6393,0.00375410605349601,265.5,544
"Cotton",2008,17,17,-98.368786919333,34.2918378918678,6367,0.00267001727658238,226.5,427
"Cotton",2009,17,27,-98.368786919333,34.2918378918678,6267,0.00430828147438966,279.5,591
"Cotton",2010,17,16,-98.368786919333,34.2918378918678,6281,0.00254736506925649,218,413
"Cotton",2011,17,20,-98.368786919333,34.2918378918678,6193,0.00322945260778298,246.5,493
"Cotton",2012,17,0,-98.368786919333,34.2918378918678,6179,0,48,48
"Craig",2001,18,3,-95.2160886407782,36.7853186104569,14929,0.000200951168865966,115.5,107
"Craig",2002,18,17,-95.2160886407782,36.7853186104569,14768,0.00115113759479957,226.5,212
"Craig",2003,18,23,-95.2160886407782,36.7853186104569,14742,0.00156016822683489,260,271
"Craig",2004,18,30,-95.2160886407782,36.7853186104569,14781,0.00202963263649279,296,341
"Craig",2005,18,31,-95.2160886407782,36.7853186104569,14815,0.00209247384407695,302,351
"Craig",2006,18,77,-95.2160886407782,36.7853186104569,14995,0.005135045015005,506.5,658
"Craig",2007,18,75,-95.2160886407782,36.7853186104569,15006,0.00499800079968013,495,642
"Craig",2008,18,81,-95.2160886407782,36.7853186104569,15136,0.0053514799154334,518.5,672
"Craig",2009,18,129,-95.2160886407782,36.7853186104569,15101,0.00854248063042183,630,818
"Craig",2010,18,70,-95.2160886407782,36.7853186104569,15158,0.00461802348594801,471,620
"Craig",2011,18,33,-95.2160886407782,36.7853186104569,15068,0.002190071675073,309.5,365
"Craig",2012,18,0,-95.2160886407782,36.7853186104569,15073,0,48,48
"Creek",2001,19,106,-96.3651747616148,35.8984115595445,67566,0.00156883639700441,585.5,275
"Creek",2002,19,58,-96.3651747616148,35.8984115595445,67903,0.000854159610031957,428.5,161
"Creek",2003,19,95,-96.3651747616148,35.8984115595445,68346,0.00138998624645188,556,248
"Creek",2004,19,60,-96.3651747616148,35.8984115595445,68320,0.000878220140515222,434,165
"Creek",2005,19,167,-96.3651747616148,35.8984115595445,68138,0.00245090845049752,700,400
"Creek",2006,19,263,-96.3651747616148,35.8984115595445,68059,0.00386429421531318,805.5,559
"Creek",2007,19,204,-96.3651747616148,35.8984115595445,68216,0.00299050076228451,748,466
"Creek",2008,19,291,-96.3651747616148,35.8984115595445,68835,0.004227500544781,820.5,586
"Creek",2009,19,308,-96.3651747616148,35.8984115595445,69514,0.00443076214863193,829.5,600
"Creek",2010,19,238,-96.3651747616148,35.8984115595445,70244,0.00338818973862536,785,505
"Creek",2011,19,196,-96.3651747616148,35.8984115595445,70141,0.00279437133773399,735.5,449
"Creek",2012,19,0,-96.3651747616148,35.8984115595445,70467,0,48,48
"Custer",2001,20,40,-98.9947255933091,35.6355925726426,26053,0.00153533182359037,346,266
"Custer",2002,20,68,-98.9947255933091,35.6355925726426,25696,0.00264632627646326,463,421
"Custer",2003,20,52,-98.9947255933091,35.6355925726426,25195,0.00206390156777138,398.5,346
"Custer",2004,20,79,-98.9947255933091,35.6355925726426,25319,0.00312018642126466,512.5,480
"Custer",2005,20,140,-98.9947255933091,35.6355925726426,25339,0.0055250799163345,657.5,684
"Custer",2006,20,212,-98.9947255933091,35.6355925726426,25501,0.00831339947453041,759,814
"Custer",2007,20,281,-98.9947255933091,35.6355925726426,25704,0.010932150638033,817.5,874
"Custer",2008,20,191,-98.9947255933091,35.6355925726426,25865,0.00738449642373864,726.5,775
"Custer",2009,20,203,-98.9947255933091,35.6355925726426,26272,0.0077268574908648,745,794
"Custer",2010,20,185,-98.9947255933091,35.6355925726426,26717,0.00692443013811431,716.5,759
"Custer",2011,20,138,-98.9947255933091,35.6355925726426,27515,0.00501544612029802,650,645
"Custer",2012,20,0,-98.9947255933091,35.6355925726426,27750,0,48,48
"Delaware",2001,21,55,-94.8114064665649,36.4330750413896,37195,0.00147869337276516,415.5,260
"Delaware",2002,21,46,-94.8114064665649,36.4330750413896,37643,0.00122200674760248,372.5,224
"Delaware",2003,21,46,-94.8114064665649,36.4330750413896,37935,0.00121260050085673,372.5,223
"Delaware",2004,21,106,-94.8114064665649,36.4330750413896,38504,0.00275296073135259,585.5,441
"Delaware",2005,21,176,-94.8114064665649,36.4330750413896,38797,0.00453643322937341,707,613
"Delaware",2006,21,228,-94.8114064665649,36.4330750413896,38980,0.00584915341200616,775,705
"Delaware",2007,21,420,-94.8114064665649,36.4330750413896,39873,0.0105334436836957,868,864
"Delaware",2008,21,447,-94.8114064665649,36.4330750413896,40511,0.0110340401372467,879,876
"Delaware",2009,21,278,-94.8114064665649,36.4330750413896,40463,0.00687047426043546,814.5,754
"Delaware",2010,21,329,-94.8114064665649,36.4330750413896,40555,0.00811243989643694,841,806
"Delaware",2011,21,185,-94.8114064665649,36.4330750413896,41548,0.00445268123616059,716.5,603
"Delaware",2012,21,0,-94.8114064665649,36.4330750413896,41633,0,48,48
"Dewey",2001,22,31,-99.0026276338638,35.9860641060811,4708,0.00658453695836873,302,748
"Dewey",2002,22,38,-99.0026276338638,35.9860641060811,4597,0.00826626060474222,335.5,811
"Dewey",2003,22,22,-99.0026276338638,35.9860641060811,4513,0.00487480611566585,255,634
"Dewey",2004,22,12,-99.0026276338638,35.9860641060811,4471,0.00268396331916797,191,431
"Dewey",2005,22,11,-99.0026276338638,35.9860641060811,4512,0.00243794326241135,184.5,398
"Dewey",2006,22,49,-99.0026276338638,35.9860641060811,4398,0.0111414279217826,384.5,877
"Dewey",2007,22,39,-99.0026276338638,35.9860641060811,4369,0.00892652780956741,340,827
"Dewey",2008,22,44,-99.0026276338638,35.9860641060811,4368,0.0100732600732601,359,853
"Dewey",2009,22,46,-99.0026276338638,35.9860641060811,4416,0.0104166666666667,372.5,861
"Dewey",2010,22,10,-99.0026276338638,35.9860641060811,4404,0.00227066303360581,176,374
"Dewey",2011,22,25,-99.0026276338638,35.9860641060811,4831,0.00517491202649555,272,660
"Dewey",2012,22,0,-99.0026276338638,35.9860641060811,4867,0,48,48
"Ellis",2001,23,4,-99.7541920843861,36.2085544939542,4043,0.00098936433341578,123,180
"Ellis",2002,23,2,-99.7541920843861,36.2085544939542,3896,0.000513347022587269,107,122
"Ellis",2003,23,2,-99.7541920843861,36.2085544939542,3954,0.000505816894284269,107,121
"Ellis",2004,23,7,-99.7541920843861,36.2085544939542,3909,0.00179073931951906,145,300
"Ellis",2005,23,3,-99.7541920843861,36.2085544939542,3909,0.000767459708365311,115.5,147
"Ellis",2006,23,14,-99.7541920843861,36.2085544939542,3870,0.00361757105943152,205,526
"Ellis",2007,23,9,-99.7541920843861,36.2085544939542,3769,0.0023879013000796,167,388
"Ellis",2008,23,4,-99.7541920843861,36.2085544939542,3836,0.00104275286757039,123,192
"Ellis",2009,23,42,-99.7541920843861,36.2085544939542,3877,0.0108331183905081,353,870
"Ellis",2010,23,14,-99.7541920843861,36.2085544939542,3925,0.00356687898089172,205,520
"Ellis",2011,23,0,-99.7541920843861,36.2085544939542,4154,0,48,48
"Ellis",2012,23,0,-99.7541920843861,36.2085544939542,4051,0,48,48
"Garfield",2001,24,134,-97.7785191348422,36.3678657387894,57690,0.00232275957704975,642.5,383
"Garfield",2002,24,109,-97.7785191348422,36.3678657387894,57181,0.00190622759308162,592,318
"Garfield",2003,24,212,-97.7785191348422,36.3678657387894,57115,0.00371180950713473,759,540
"Garfield",2004,24,219,-97.7785191348422,36.3678657387894,57149,0.00383208805053457,769,552
"Garfield",2005,24,200,-97.7785191348422,36.3678657387894,57169,0.00349839948223688,742.5,513
"Garfield",2006,24,325,-97.7785191348422,36.3678657387894,56940,0.00570776255707763,839,696
"Garfield",2007,24,351,-97.7785191348422,36.3678657387894,57145,0.00614226966488757,846.5,719
"Garfield",2008,24,440,-97.7785191348422,36.3678657387894,57434,0.00766096737124351,875,788
"Garfield",2009,24,369,-97.7785191348422,36.3678657387894,58053,0.00635626065836391,855.5,735
"Garfield",2010,24,330,-97.7785191348422,36.3678657387894,58928,0.00560005430355688,843.5,691
"Garfield",2011,24,272,-97.7785191348422,36.3678657387894,60745,0.00447773479298708,809,608
"Garfield",2012,24,0,-97.7785191348422,36.3678657387894,60670,0,48,48
"Garvin",2001,25,73,-97.3023768608149,34.7103145563251,27257,0.00267821110173533,484.5,429
"Garvin",2002,25,65,-97.3023768608149,34.7103145563251,27021,0.00240553643462492,454.5,390
"Garvin",2003,25,93,-97.3023768608149,34.7103145563251,27040,0.00343934911242604,547.5,510
"Garvin",2004,25,85,-97.3023768608149,34.7103145563251,26964,0.0031523512831924,530.5,485
"Garvin",2005,25,95,-97.3023768608149,34.7103145563251,26787,0.00354649643483779,556,519
"Garvin",2006,25,74,-97.3023768608149,34.7103145563251,26864,0.00275461584276355,488.5,442
"Garvin",2007,25,138,-97.3023768608149,34.7103145563251,26955,0.00511964385086255,650,656
"Garvin",2008,25,163,-97.3023768608149,34.7103145563251,27074,0.00602053630789688,692.5,712
"Garvin",2009,25,187,-97.3023768608149,34.7103145563251,27128,0.0068932468298437,719.5,755
"Garvin",2010,25,137,-97.3023768608149,34.7103145563251,27113,0.00505292664035702,647.5,652
"Garvin",2011,25,69,-97.3023768608149,34.7103145563251,27528,0.00250653879686138,467,407
"Garvin",2012,25,0,-97.3023768608149,34.7103145563251,27452,0,48,48
"Grady",2001,26,36,-97.8800824410339,35.0140335742845,45570,0.000789993416721527,323,151
"Grady",2002,26,65,-97.8800824410339,35.0140335742845,45844,0.00141785184538871,454.5,255
"Grady",2003,26,62,-97.8800824410339,35.0140335742845,46620,0.00132990132990133,441.5,238
"Grady",2004,26,101,-97.8800824410339,35.0140335742845,47080,0.00214528462192014,573.5,357
"Grady",2005,26,113,-97.8800824410339,35.0140335742845,47929,0.00235765402991926,599,386
"Grady",2006,26,128,-97.8800824410339,35.0140335742845,48942,0.0026153406072494,626.5,419
"Grady",2007,26,184,-97.8800824410339,35.0140335742845,50051,0.00367625022477073,714,533
"Grady",2008,26,204,-97.8800824410339,35.0140335742845,50428,0.00404537161894186,748,574
"Grady",2009,26,224,-97.8800824410339,35.0140335742845,51099,0.0043836474294996,772,597
"Grady",2010,26,237,-97.8800824410339,35.0140335742845,51649,0.00458866580185483,781,618
"Grady",2011,26,143,-97.8800824410339,35.0140335742845,52508,0.00272339453035728,664.5,436
"Grady",2012,26,0,-97.8800824410339,35.0140335742845,53020,0,48,48
"Grant",2001,27,24,-97.7845052708135,36.7906959570334,5124,0.00468384074941452,265.5,621
"Grant",2002,27,10,-97.7845052708135,36.7906959570334,5019,0.00199242877067145,176,334
"Grant",2003,27,10,-97.7845052708135,36.7906959570334,4931,0.00202798620969377,176,338
"Grant",2004,27,5,-97.7845052708135,36.7906959570334,4865,0.00102774922918808,130,189
"Grant",2005,27,0,-97.7845052708135,36.7906959570334,4696,0,48,48
"Grant",2006,27,30,-97.7845052708135,36.7906959570334,4656,0.00644329896907216,296,737
"Grant",2007,27,49,-97.7845052708135,36.7906959570334,4513,0.0108575227121649,384.5,871
"Grant",2008,27,31,-97.7845052708135,36.7906959570334,4482,0.00691655510932619,302,757
"Grant",2009,27,9,-97.7845052708135,36.7906959570334,4448,0.00202338129496403,167,337
"Grant",2010,27,6,-97.7845052708135,36.7906959570334,4317,0.00138985406532314,136,247
"Grant",2011,27,17,-97.7845052708135,36.7906959570334,4544,0.00374119718309859,226.5,542
"Grant",2012,27,0,-97.7845052708135,36.7906959570334,4585,0,48,48
"Greer",2001,28,12,-99.5593444200064,34.9427664878966,6035,0.0019884009942005,191,331
"Greer",2002,28,11,-99.5593444200064,34.9427664878966,5837,0.00188452972417338,184.5,315
"Greer",2003,28,28,-99.5593444200064,34.9427664878966,5861,0.00477734175055451,285.5,630
"Greer",2004,28,48,-99.5593444200064,34.9427664878966,5781,0.0083030617540218,380.5,813
"Greer",2005,28,44,-99.5593444200064,34.9427664878966,5807,0.00757706216635096,359,785
"Greer",2006,28,57,-99.5593444200064,34.9427664878966,5799,0.00982928091050181,423.5,844
"Greer",2007,28,66,-99.5593444200064,34.9427664878966,5739,0.0115002613695766,458,879
"Greer",2008,28,139,-99.5593444200064,34.9427664878966,5803,0.0239531276925728,654,921
"Greer",2009,28,134,-99.5593444200064,34.9427664878966,5820,0.0230240549828179,642.5,920
"Greer",2010,28,109,-99.5593444200064,34.9427664878966,5830,0.018696397941681,592,911
"Greer",2011,28,76,-99.5593444200064,34.9427664878966,6212,0.0122343850611719,501.5,886
"Greer",2012,28,0,-99.5593444200064,34.9427664878966,6125,0,48,48
"Harmon",2001,29,9,-99.8462629867067,34.7474029014696,3273,0.00274977085242896,167,439
"Harmon",2002,29,5,-99.8462629867067,34.7474029014696,3155,0.00158478605388273,130,276
"Harmon",2003,29,0,-99.8462629867067,34.7474029014696,3050,0,48,48
"Harmon",2004,29,3,-99.8462629867067,34.7474029014696,2986,0.00100468854655057,115.5,184
"Harmon",2005,29,6,-99.8462629867067,34.7474029014696,2939,0.00204151071793127,136,343
"Harmon",2006,29,64,-99.8462629867067,34.7474029014696,2955,0.02165820642978,450.5,917
"Harmon",2007,29,18,-99.8462629867067,34.7474029014696,2916,0.00617283950617284,234.5,721.5
"Harmon",2008,29,54,-99.8462629867067,34.7474029014696,2833,0.0190610660077656,409.5,913
"Harmon",2009,29,57,-99.8462629867067,34.7474029014696,2834,0.0201129146083275,423.5,915
"Harmon",2010,29,52,-99.8462629867067,34.7474029014696,2843,0.0182905381639114,398.5,909
"Harmon",2011,29,29,-99.8462629867067,34.7474029014696,2928,0.00990437158469945,291,847
"Harmon",2012,29,0,-99.8462629867067,34.7474029014696,2919,0,48,48
"Harper",2001,30,0,-99.6718629310338,36.7775045477641,3547,0,48,48
"Harper",2002,30,2,-99.6718629310338,36.7775045477641,3421,0.000584624378836597,107,129
"Harper",2003,30,6,-99.6718629310338,36.7775045477641,3414,0.00175746924428822,136,299
"Harper",2004,30,4,-99.6718629310338,36.7775045477641,3321,0.00120445648900933,123,221
"Harper",2005,30,4,-99.6718629310338,36.7775045477641,3341,0.0011972463334331,123,219
"Harper",2006,30,8,-99.6718629310338,36.7775045477641,3301,0.00242350802787034,156.5,394
"Harper",2007,30,17,-99.6718629310338,36.7775045477641,3333,0.0051005100510051,226.5,655
"Harper",2008,30,10,-99.6718629310338,36.7775045477641,3302,0.00302846759539673,176,470
"Harper",2009,30,37,-99.6718629310338,36.7775045477641,3385,0.010930576070901,331,873
"Harper",2010,30,9,-99.6718629310338,36.7775045477641,3377,0.0026650873556411,167,426
"Harper",2011,30,14,-99.6718629310338,36.7775045477641,3688,0.00379609544468547,205,550
"Harper",2012,30,0,-99.6718629310338,36.7775045477641,3695,0,48,48
"Haskell",2001,31,27,-95.1194074966018,35.2553093637869,11827,0.00228291198106029,279.5,377
"Haskell",2002,31,31,-95.1194074966018,35.2553093637869,11755,0.00263717566992769,302,420
"Haskell",2003,31,22,-95.1194074966018,35.2553093637869,11728,0.00187585266030014,255,313
"Haskell",2004,31,16,-95.1194074966018,35.2553093637869,11870,0.00134793597304128,218,242
"Haskell",2005,31,18,-95.1194074966018,35.2553093637869,11955,0.00150564617314931,234.5,263
"Haskell",2006,31,62,-95.1194074966018,35.2553093637869,11952,0.00518741633199465,441.5,661
"Haskell",2007,31,69,-95.1194074966018,35.2553093637869,12058,0.00572234201360093,467,699
"Haskell",2008,31,72,-95.1194074966018,35.2553093637869,12102,0.0059494298463064,480,709
"Haskell",2009,31,45,-95.1194074966018,35.2553093637869,12266,0.00366867764552421,365,531
"Haskell",2010,31,54,-95.1194074966018,35.2553093637869,12393,0.00435729847494553,409.5,595
"Haskell",2011,31,37,-95.1194074966018,35.2553093637869,12771,0.00289718894370057,331,458
"Haskell",2012,31,0,-95.1194074966018,35.2553093637869,12810,0,48,48
"Hughes",2001,32,24,-96.2384521145052,35.0526183366767,14123,0.00169935566097855,265.5,292
"Hughes",2002,32,7,-96.2384521145052,35.0526183366767,13876,0.000504468146439896,145,119
"Hughes",2003,32,21,-96.2384521145052,35.0526183366767,13934,0.00150710492320942,250,265
"Hughes",2004,32,52,-96.2384521145052,35.0526183366767,13833,0.0037591267259452,398.5,545
"Hughes",2005,32,70,-96.2384521145052,35.0526183366767,13762,0.00508646998982706,471,653
"Hughes",2006,32,84,-96.2384521145052,35.0526183366767,13717,0.00612378800029161,528.5,717
"Hughes",2007,32,124,-96.2384521145052,35.0526183366767,13605,0.00911429621462698,618,831
"Hughes",2008,32,227,-96.2384521145052,35.0526183366767,13651,0.0166288184015823,774,907
"Hughes",2009,32,160,-96.2384521145052,35.0526183366767,13630,0.0117388114453412,688,881
"Hughes",2010,32,65,-96.2384521145052,35.0526183366767,13819,0.00470366886171214,454.5,624
"Hughes",2011,32,52,-96.2384521145052,35.0526183366767,14027,0.00370713623725672,398.5,539
"Hughes",2012,32,0,-96.2384521145052,35.0526183366767,13843,0,48,48
"Jackson",2001,33,11,-99.4153765114804,34.5917941766762,28254,0.000389325405252354,184.5,115
"Jackson",2002,33,52,-99.4153765114804,34.5917941766762,27890,0.00186446755109358,398.5,312
"Jackson",2003,33,50,-99.4153765114804,34.5917941766762,27347,0.00182835411562511,390,304
"Jackson",2004,33,109,-99.4153765114804,34.5917941766762,27203,0.00400691100246296,592,571
"Jackson",2005,33,197,-99.4153765114804,34.5917941766762,27181,0.00724770979728487,738,771
"Jackson",2006,33,369,-99.4153765114804,34.5917941766762,26471,0.0139397831589286,855.5,896
"Jackson",2007,33,244,-99.4153765114804,34.5917941766762,26241,0.00929842612705309,792,834
"Jackson",2008,33,213,-99.4153765114804,34.5917941766762,25739,0.00827537977388399,762,812
"Jackson",2009,33,258,-99.4153765114804,34.5917941766762,25336,0.0101831386169877,803,855
"Jackson",2010,33,248,-99.4153765114804,34.5917941766762,25369,0.00977571051283062,795.5,841
"Jackson",2011,33,133,-99.4153765114804,34.5917941766762,26481,0.00502246893999471,640,646
"Jackson",2012,33,0,-99.4153765114804,34.5917941766762,26447,0,48,48
"Jefferson",2001,34,4,-97.8233420069576,34.1110896977992,6769,0.000590929236223962,123,131
"Jefferson",2002,34,1,-97.8233420069576,34.1110896977992,6646,0.000150466445982546,98.5,99
"Jefferson",2003,34,13,-97.8233420069576,34.1110896977992,6508,0.00199754148740012,197.5,336
"Jefferson",2004,34,7,-97.8233420069576,34.1110896977992,6466,0.00108258583359109,145,200
"Jefferson",2005,34,19,-97.8233420069576,34.1110896977992,6417,0.00296088514882344,241.5,462
"Jefferson",2006,34,16,-97.8233420069576,34.1110896977992,6375,0.00250980392156863,218,408
"Jefferson",2007,34,22,-97.8233420069576,34.1110896977992,6289,0.00349817141039911,255,512
"Jefferson",2008,34,16,-97.8233420069576,34.1110896977992,6228,0.00256904303147078,218,415
"Jefferson",2009,34,6,-97.8233420069576,34.1110896977992,6231,0.000962927298988926,136,179
"Jefferson",2010,34,8,-97.8233420069576,34.1110896977992,6319,0.00126602310492166,156.5,230
"Jefferson",2011,34,10,-97.8233420069576,34.1110896977992,6452,0.00154990700557967,176,269
"Jefferson",2012,34,0,-97.8233420069576,34.1110896977992,6506,0,48,48
"Johnston",2001,35,12,-96.6493986247792,34.3187259845145,10516,0.00114111829593001,191,209
"Johnston",2002,35,6,-96.6493986247792,34.3187259845145,10437,0.000574877838459327,136,125
"Johnston",2003,35,74,-96.6493986247792,34.3187259845145,10386,0.00712497592913537,488.5,768
"Johnston",2004,35,9,-96.6493986247792,34.3187259845145,10351,0.000869481209544972,167,163
"Johnston",2005,35,78,-96.6493986247792,34.3187259845145,10243,0.00761495655569657,510,787
"Johnston",2006,35,62,-96.6493986247792,34.3187259845145,10203,0.00607664412427717,441.5,715
"Johnston",2007,35,39,-96.6493986247792,34.3187259845145,10421,0.00374244314365224,340,543
"Johnston",2008,35,61,-96.6493986247792,34.3187259845145,10458,0.00583285523044559,437.5,702
"Johnston",2009,35,49,-96.6493986247792,34.3187259845145,10428,0.00469888761028002,384.5,623
"Johnston",2010,35,29,-96.6493986247792,34.3187259845145,10468,0.00277034772640428,291,446
"Johnston",2011,35,24,-96.6493986247792,34.3187259845145,11005,0.00218082689686506,265.5,364
"Johnston",2012,35,0,-96.6493986247792,34.3187259845145,11139,0,48,48
"Kay",2001,36,99,-97.1487308209393,36.8197603838225,47944,0.00206490906057067,569.5,347
"Kay",2002,36,148,-97.1487308209393,36.8197603838225,47437,0.00311992748276662,672,479
"Kay",2003,36,132,-97.1487308209393,36.8197603838225,47529,0.00277725178312188,638.5,447
"Kay",2004,36,209,-97.1487308209393,36.8197603838225,47107,0.00443670792026663,755,601
"Kay",2005,36,360,-97.1487308209393,36.8197603838225,46590,0.0077269800386349,852.5,795
"Kay",2006,36,552,-97.1487308209393,36.8197603838225,46079,0.0119794266368628,888,884
"Kay",2007,36,540,-97.1487308209393,36.8197603838225,45760,0.0118006993006993,886,882
"Kay",2008,36,486,-97.1487308209393,36.8197603838225,45955,0.0105755630508106,881,866
"Kay",2009,36,360,-97.1487308209393,36.8197603838225,45886,0.00784553022708451,852.5,801
"Kay",2010,36,341,-97.1487308209393,36.8197603838225,46110,0.00739535892431143,845,777
"Kay",2011,36,182,-97.1487308209393,36.8197603838225,46447,0.00391844467888131,711.5,564
"Kay",2012,36,0,-97.1487308209393,36.8197603838225,46159,0,48,48
"Kingfisher",2001,37,8,-97.9367093480735,35.934131116842,13884,0.000576202823393835,156.5,126
"Kingfisher",2002,37,8,-97.9367093480735,35.934131116842,13843,0.000577909412699559,156.5,127
"Kingfisher",2003,37,10,-97.9367093480735,35.934131116842,13816,0.000723798494499131,176,142
"Kingfisher",2004,37,60,-97.9367093480735,35.934131116842,13961,0.00429768641214813,434,589
"Kingfisher",2005,37,37,-97.9367093480735,35.934131116842,13974,0.00264777443824245,331,422
"Kingfisher",2006,37,75,-97.9367093480735,35.934131116842,14076,0.00532821824381927,495,669
"Kingfisher",2007,37,82,-97.9367093480735,35.934131116842,14092,0.00581890434288958,521,701
"Kingfisher",2008,37,36,-97.9367093480735,35.934131116842,14279,0.00252118495692976,323,411
"Kingfisher",2009,37,49,-97.9367093480735,35.934131116842,14264,0.00343522153673584,384.5,509
"Kingfisher",2010,37,57,-97.9367093480735,35.934131116842,14384,0.00396273637374861,423.5,568
"Kingfisher",2011,37,76,-97.9367093480735,35.934131116842,15073,0.0050421283088967,501.5,650
"Kingfisher",2012,37,0,-97.9367093480735,35.934131116842,15213,0,48,48
"Kiowa",2001,38,21,-98.9722460102744,34.9187670789366,10198,0.00205922729947048,250,344
"Kiowa",2002,38,8,-98.9722460102744,34.9187670789366,10022,0.000798243863500299,156.5,152
"Kiowa",2003,38,8,-98.9722460102744,34.9187670789366,9949,0.00080410091466479,156.5,153
"Kiowa",2004,38,52,-98.9722460102744,34.9187670789366,9859,0.00527436859722081,398.5,666
"Kiowa",2005,38,36,-98.9722460102744,34.9187670789366,9743,0.00369496048445037,323,536
"Kiowa",2006,38,76,-98.9722460102744,34.9187670789366,9771,0.00777811892334459,501.5,798
"Kiowa",2007,38,52,-98.9722460102744,34.9187670789366,9540,0.00545073375262055,398.5,679
"Kiowa",2008,38,72,-98.9722460102744,34.9187670789366,9300,0.00774193548387097,480,797
"Kiowa",2009,38,25,-98.9722460102744,34.9187670789366,9246,0.0027038719446247,272,433
"Kiowa",2010,38,21,-98.9722460102744,34.9187670789366,9101,0.00230743874299528,250,380
"Kiowa",2011,38,8,-98.9722460102744,34.9187670789366,9427,0.000848626286199215,156.5,159
"Kiowa",2012,38,0,-98.9722460102744,34.9187670789366,9416,0,48,48
"Latimer",2001,39,14,-95.2557710119632,34.9067885471894,10652,0.001314307172362,205,235
"Latimer",2002,39,21,-95.2557710119632,34.9067885471894,10574,0.00198600340457726,250,330
"Latimer",2003,39,47,-95.2557710119632,34.9067885471894,10577,0.00444360404651603,378,602
"Latimer",2004,39,7,-95.2557710119632,34.9067885471894,10496,0.000666920731707317,145,136
"Latimer",2005,39,45,-95.2557710119632,34.9067885471894,10515,0.00427960057061341,365,588
"Latimer",2006,39,103,-95.2557710119632,34.9067885471894,10485,0.00982355746304244,579,843
"Latimer",2007,39,118,-95.2557710119632,34.9067885471894,10487,0.0112520263182988,607,878
"Latimer",2008,39,107,-95.2557710119632,34.9067885471894,10442,0.01024707910362,588,857
"Latimer",2009,39,97,-95.2557710119632,34.9067885471894,10576,0.00917170953101362,563,832
"Latimer",2010,39,80,-95.2557710119632,34.9067885471894,10621,0.00753224743432822,515.5,784
"Latimer",2011,39,28,-95.2557710119632,34.9067885471894,11150,0.00251121076233184,285.5,409
"Latimer",2012,39,0,-95.2557710119632,34.9067885471894,11155,0,48,48
"Le Flore",2001,40,83,-94.7111774971803,34.9299511687652,48128,0.00172456781914894,525,294
"Le Flore",2002,40,94,-94.7111774971803,34.9299511687652,48033,0.00195698790414923,550.5,324
"Le Flore",2003,40,90,-94.7111774971803,34.9299511687652,48337,0.00186192771582845,543.5,311
"Le Flore",2004,40,113,-94.7111774971803,34.9299511687652,48429,0.00233331268454851,599,384
"Le Flore",2005,40,127,-94.7111774971803,34.9299511687652,48618,0.00261220124233823,623.5,418
"Le Flore",2006,40,301,-94.7111774971803,34.9299511687652,48852,0.00616146728895439,828,720
"Le Flore",2007,40,445,-94.7111774971803,34.9299511687652,49200,0.00904471544715447,878,830
"Le Flore",2008,40,353,-94.7111774971803,34.9299511687652,49625,0.00711335012594458,848,767
"Le Flore",2009,40,237,-94.7111774971803,34.9299511687652,49806,0.00475846283580292,781,628
"Le Flore",2010,40,330,-94.7111774971803,34.9299511687652,49915,0.00661123910648102,843.5,749
"Le Flore",2011,40,205,-94.7111774971803,34.9299511687652,50520,0.00405779889152811,750.5,576
"Le Flore",2012,40,0,-94.7111774971803,34.9299511687652,50628,0,48,48
"Lincoln",2001,41,36,-96.8794645451841,35.69193772589,32127,0.00112055280605099,323,207
"Lincoln",2002,41,55,-96.8794645451841,35.69193772589,32084,0.00171425009350455,415.5,293
"Lincoln",2003,41,78,-96.8794645451841,35.69193772589,32090,0.00243066375818012,510,396
"Lincoln",2004,41,130,-96.8794645451841,35.69193772589,32064,0.00405439121756487,633.5,575
"Lincoln",2005,41,167,-96.8794645451841,35.69193772589,32062,0.00520865822468966,700,663
"Lincoln",2006,41,194,-96.8794645451841,35.69193772589,31987,0.00606496389158095,732,714
"Lincoln",2007,41,245,-96.8794645451841,35.69193772589,32203,0.00760798683352483,793,786
"Lincoln",2008,41,184,-96.8794645451841,35.69193772589,32217,0.00571127044727939,714,697
"Lincoln",2009,41,139,-96.8794645451841,35.69193772589,32070,0.00433426878702838,654,593
"Lincoln",2010,41,110,-96.8794645451841,35.69193772589,32199,0.00341625516320383,594.5,506
"Lincoln",2011,41,71,-96.8794645451841,35.69193772589,34293,0.0020703933747412,474.5,349
"Lincoln",2012,41,0,-96.8794645451841,35.69193772589,34155,0,48,48
"Logan",2001,42,54,-97.4379547025155,35.9055803786812,33942,0.00159094926639562,409.5,278
"Logan",2002,42,96,-97.4379547025155,35.9055803786812,34517,0.00278123823043718,560.5,448
"Logan",2003,42,52,-97.4379547025155,35.9055803786812,34703,0.00149842953058813,398.5,262
"Logan",2004,42,53,-97.4379547025155,35.9055803786812,35393,0.00149747125137739,405,261
"Logan",2005,42,123,-97.4379547025155,35.9055803786812,34968,0.0035175017158545,615,516
"Logan",2006,42,95,-97.4379547025155,35.9055803786812,35399,0.00268369162970705,556,430
"Logan",2007,42,137,-97.4379547025155,35.9055803786812,35756,0.00383152477905806,647.5,551
"Logan",2008,42,153,-97.4379547025155,35.9055803786812,37330,0.00409858023037771,680.5,579
"Logan",2009,42,135,-97.4379547025155,35.9055803786812,38424,0.00351342910680824,645.5,514
"Logan",2010,42,127,-97.4379547025155,35.9055803786812,39301,0.00323146993715173,623.5,494
"Logan",2011,42,87,-97.4379547025155,35.9055803786812,42029,0.00206999928620714,536,348
"Logan",2012,42,0,-97.4379547025155,35.9055803786812,42499,0,48,48
"Love",2001,43,1,-97.2337960481928,34.0006399600389,8827,0.000113288773082588,98.5,97
"Love",2002,43,2,-97.2337960481928,34.0006399600389,8729,0.000229121319738802,107,108
"Love",2003,43,14,-97.2337960481928,34.0006399600389,8793,0.00159217559422268,205,279
"Love",2004,43,23,-97.2337960481928,34.0006399600389,8843,0.00260092728711976,260,416
"Love",2005,43,15,-97.2337960481928,34.0006399600389,8943,0.00167728950016773,211.5,289
"Love",2006,43,18,-97.2337960481928,34.0006399600389,9028,0.00199379707576429,234.5,335
"Love",2007,43,51,-97.2337960481928,34.0006399600389,9048,0.00563660477453581,393,695
"Love",2008,43,36,-97.2337960481928,34.0006399600389,9062,0.00397263297285367,323,569
"Love",2009,43,34,-97.2337960481928,34.0006399600389,9097,0.0037374958777619,313.5,541
"Love",2010,43,54,-97.2337960481928,34.0006399600389,9124,0.00591845681718545,409.5,707
"Love",2011,43,37,-97.2337960481928,34.0006399600389,9446,0.0039170019055685,331,563
"Love",2012,43,0,-97.2337960481928,34.0006399600389,9386,0,48,48
"Major",2001,47,17,-97.4331745941108,35.0031201393918,7529,0.00225793598087395,226.5,372.5
"Major",2002,47,17,-97.4331745941108,35.0031201393918,7529,0.00225793598087395,226.5,372.5
"Major",2003,47,9,-97.4331745941108,35.0031201393918,7474,0.0012041744715012,167,220
"Major",2004,47,28,-97.4331745941108,35.0031201393918,7301,0.00383509108341323,285.5,553
"Major",2005,47,63,-97.4331745941108,35.0031201393918,7256,0.00868246968026461,446,821
"Major",2006,47,52,-97.4331745941108,35.0031201393918,7171,0.00725142936828894,398.5,772
"Major",2007,47,86,-97.4331745941108,35.0031201393918,7200,0.0119444444444444,532.5,883
"Major",2008,47,74,-97.4331745941108,35.0031201393918,7184,0.0103006681514477,488.5,858
"Major",2009,47,55,-97.4331745941108,35.0031201393918,7132,0.00771172181716209,415.5,792
"Major",2010,47,38,-97.4331745941108,35.0031201393918,7189,0.00528585338711921,335.5,667
"Major",2011,47,45,-97.4331745941108,35.0031201393918,7516,0.00598722724853646,365,710
"Major",2012,47,0,-97.4331745941108,35.0031201393918,7657,0,48,48
"Marshall",2001,48,10,-94.7840344331028,34.1452341840507,13150,0.000760456273764259,176,145.5
"Marshall",2002,48,27,-94.7840344331028,34.1452341840507,13312,0.00202824519230769,279.5,339
"Marshall",2003,48,26,-94.7840344331028,34.1452341840507,13533,0.00192122958693564,276,320
"Marshall",2004,48,64,-94.7840344331028,34.1452341840507,13629,0.00469586910264876,450.5,622
"Marshall",2005,48,46,-94.7840344331028,34.1452341840507,13901,0.00330911445219768,372.5,502
"Marshall",2006,48,93,-94.7840344331028,34.1452341840507,14365,0.00647406891750783,547.5,739
"Marshall",2007,48,131,-94.7840344331028,34.1452341840507,14594,0.0089762916266959,636,829
"Marshall",2008,48,143,-94.7840344331028,34.1452341840507,14871,0.00961603120166768,664.5,839
"Marshall",2009,48,125,-94.7840344331028,34.1452341840507,14958,0.00835673218344699,620.5,815
"Marshall",2010,48,49,-94.7840344331028,34.1452341840507,15014,0.00326362062075396,384.5,498
"Marshall",2011,48,30,-94.7840344331028,34.1452341840507,15876,0.0018896447467876,296,316
"Marshall",2012,48,0,-94.7840344331028,34.1452341840507,16049,0,48,48
"Mayes",2001,49,52,-95.6644800921539,35.398840067242,38430,0.00135310954983086,398.5,243
"Mayes",2002,49,41,-95.6644800921539,35.398840067242,38449,0.00106634762932716,351,196
"Mayes",2003,49,63,-95.6644800921539,35.398840067242,38476,0.00163738434348685,446,284
"Mayes",2004,49,191,-95.6644800921539,35.398840067242,38660,0.00494050698396275,726.5,638
"Mayes",2005,49,124,-95.6644800921539,35.398840067242,38843,0.00319233838786911,618,490
"Mayes",2006,49,257,-95.6644800921539,35.398840067242,39049,0.00658147455760711,801.5,747
"Mayes",2007,49,229,-95.6644800921539,35.398840067242,39361,0.00581794161733696,777,700
"Mayes",2008,49,240,-95.6644800921539,35.398840067242,39769,0.00603485126606151,788.5,713
"Mayes",2009,49,278,-95.6644800921539,35.398840067242,40084,0.00693543558527093,814.5,760
"Mayes",2010,49,207,-95.6644800921539,35.398840067242,40065,0.0051666042680644,753.5,659
"Mayes",2011,49,129,-95.6644800921539,35.398840067242,41280,0.003125,630,481
"Mayes",2012,49,0,-95.6644800921539,35.398840067242,41389,0,48,48
"McClain",2001,44,28,-98.524560069483,36.3106916876361,27847,0.00100549430818401,285.5,185
"McClain",2002,44,58,-98.524560069483,36.3106916876361,27787,0.00208730701407133,428.5,350
"McClain",2003,44,116,-98.524560069483,36.3106916876361,28018,0.00414019558855022,604.5,582
"McClain",2004,44,129,-98.524560069483,36.3106916876361,28575,0.00451443569553806,630,611
"McClain",2005,44,95,-98.524560069483,36.3106916876361,29033,0.00327213860090242,556,499
"McClain",2006,44,108,-98.524560069483,36.3106916876361,29912,0.00361059106713025,589.5,524
"McClain",2007,44,103,-98.524560069483,36.3106916876361,30920,0.00333117723156533,579,504
"McClain",2008,44,127,-98.524560069483,36.3106916876361,31892,0.00398218989088173,623.5,570
"McClain",2009,44,81,-98.524560069483,36.3106916876361,32487,0.00249330501431342,518.5,405
"McClain",2010,44,77,-98.524560069483,36.3106916876361,33168,0.00232151471297636,506.5,382
"McClain",2011,44,46,-98.524560069483,36.3106916876361,34733,0.00132438890968243,372.5,237
"McClain",2012,44,0,-98.524560069483,36.3106916876361,35235,0,48,48
"McCurtain",2001,45,56,-96.7563551232226,34.0264118585759,34389,0.00162842769490244,419.5,282
"McCurtain",2002,45,44,-96.7563551232226,34.0264118585759,34030,0.00129297678518954,359,233
"McCurtain",2003,45,97,-96.7563551232226,34.0264118585759,33915,0.00286009140498305,563,454
"McCurtain",2004,45,149,-96.7563551232226,34.0264118585759,33773,0.00441180824919314,674,599
"McCurtain",2005,45,144,-96.7563551232226,34.0264118585759,33475,0.00430171769977595,668.5,590
"McCurtain",2006,45,355,-96.7563551232226,34.0264118585759,33458,0.0106103174128758,849,867
"McCurtain",2007,45,237,-96.7563551232226,34.0264118585759,33467,0.00708160277288075,781,766
"McCurtain",2008,45,180,-96.7563551232226,34.0264118585759,33472,0.00537762906309751,710,673
"McCurtain",2009,45,211,-96.7563551232226,34.0264118585759,33489,0.00630057630863866,757,733
"McCurtain",2010,45,128,-96.7563551232226,34.0264118585759,33370,0.00383578064129458,626.5,554
"McCurtain",2011,45,130,-96.7563551232226,34.0264118585759,33167,0.00391955859740103,633.5,565
"McCurtain",2012,45,0,-96.7563551232226,34.0264118585759,33195,0,48,48
"McIntosh",2001,46,41,-95.2377239906663,36.3337424158728,19478,0.00210493890543177,351,354
"McIntosh",2002,46,78,-95.2377239906663,36.3337424158728,19450,0.00401028277634961,510,572
"McIntosh",2003,46,72,-95.2377239906663,36.3337424158728,19501,0.00369211835290498,480,535
"McIntosh",2004,46,152,-95.2377239906663,36.3337424158728,19472,0.00780608052588332,678.5,799
"McIntosh",2005,46,139,-95.2377239906663,36.3337424158728,19440,0.00715020576131687,654,769
"McIntosh",2006,46,155,-95.2377239906663,36.3337424158728,19388,0.00799463585723128,683,803
"McIntosh",2007,46,275,-95.2377239906663,36.3337424158728,19476,0.0141199424933251,811.5,897
"McIntosh",2008,46,243,-95.2377239906663,36.3337424158728,19659,0.0123607508011598,790.5,887
"McIntosh",2009,46,214,-95.2377239906663,36.3337424158728,19629,0.0109022364868307,764,872
"McIntosh",2010,46,174,-95.2377239906663,36.3337424158728,19801,0.00878743497803141,705,825
"McIntosh",2011,46,140,-95.2377239906663,36.3337424158728,20288,0.0069006309148265,657.5,756
"McIntosh",2012,46,0,-95.2377239906663,36.3337424158728,20360,0,48,48
"Murray",2001,50,11,-97.0572913816591,34.4888457946869,12589,0.000873778695686711,184.5,164
"Murray",2002,50,2,-97.0572913816591,34.4888457946869,12655,0.000158040300276571,107,100
"Murray",2003,50,2,-97.0572913816591,34.4888457946869,12581,0.000158969875208648,107,101
"Murray",2004,50,13,-97.0572913816591,34.4888457946869,12565,0.00103461997612415,197.5,190
"Murray",2005,50,17,-97.0572913816591,34.4888457946869,12500,0.00136,226.5,245
"Murray",2006,50,6,-97.0572913816591,34.4888457946869,12566,0.000477478911348082,136,118
"Murray",2007,50,11,-97.0572913816591,34.4888457946869,12685,0.00086716594402838,184.5,162
"Murray",2008,50,3,-97.0572913816591,34.4888457946869,12646,0.000237229163371817,115.5,109
"Murray",2009,50,40,-97.0572913816591,34.4888457946869,12787,0.0031281770548213,346,482
"Murray",2010,50,48,-97.0572913816591,34.4888457946869,12960,0.0037037037037037,380.5,538
"Murray",2011,50,9,-97.0572913816591,34.4888457946869,13510,0.000666173205033309,167,135
"Murray",2012,50,0,-97.0572913816591,34.4888457946869,13571,0,48,48
"Muskogee",2001,51,75,-95.3855658011359,35.6427027662025,69412,0.0010805048118481,495,199
"Muskogee",2002,51,114,-95.3855658011359,35.6427027662025,69506,0.00164014617443098,602,285
"Muskogee",2003,51,108,-95.3855658011359,35.6427027662025,69508,0.00155377798239052,589.5,270
"Muskogee",2004,51,164,-95.3855658011359,35.6427027662025,69950,0.0023445318084346,695,385
"Muskogee",2005,51,152,-95.3855658011359,35.6427027662025,69903,0.00217444172639229,678.5,363
"Muskogee",2006,51,292,-95.3855658011359,35.6427027662025,70210,0.00415895171627973,822,584
"Muskogee",2007,51,435,-95.3855658011359,35.6427027662025,70431,0.00617625761383482,874,723
"Muskogee",2008,51,522,-95.3855658011359,35.6427027662025,70686,0.00738477209065444,885,776
"Muskogee",2009,51,317,-95.3855658011359,35.6427027662025,70750,0.00448056537102473,836,609
"Muskogee",2010,51,356,-95.3855658011359,35.6427027662025,71412,0.00498515655632107,850,641
"Muskogee",2011,51,321,-95.3855658011359,35.6427027662025,71116,0.00451375217953766,837,610
"Muskogee",2012,51,0,-95.3855658011359,35.6427027662025,71003,0,48,48
"Noble",2001,52,16,-97.2279763724569,36.3855065817112,11378,0.00140622253471612,218,249
"Noble",2002,52,15,-97.2279763724569,36.3855065817112,11413,0.00131429072110751,211.5,234
"Noble",2003,52,16,-97.2279763724569,36.3855065817112,11266,0.00142020237883898,218,256
"Noble",2004,52,15,-97.2279763724569,36.3855065817112,11237,0.00133487585654534,211.5,239
"Noble",2005,52,43,-97.2279763724569,36.3855065817112,11179,0.00384649789784417,355,556
"Noble",2006,52,53,-97.2279763724569,36.3855065817112,11112,0.00476961843052556,405,629
"Noble",2007,52,63,-97.2279763724569,36.3855065817112,11030,0.0057116953762466,446,698
"Noble",2008,52,35,-97.2279763724569,36.3855065817112,10964,0.00319226559649763,316,489
"Noble",2009,52,96,-97.2279763724569,36.3855065817112,11000,0.00872727272727273,560.5,823
"Noble",2010,52,44,-97.2279763724569,36.3855065817112,10950,0.00401826484018265,359,573
"Noble",2011,52,45,-97.2279763724569,36.3855065817112,11555,0.00389441800086543,365,562
"Noble",2012,52,0,-97.2279763724569,36.3855065817112,11578,0,48,48
"Nowata",2001,53,2,-95.6260913238725,36.8198423472456,10594,0.000188786105342647,107,105
"Nowata",2002,53,18,-95.6260913238725,36.8198423472456,10594,0.00169907494808382,234.5,291
"Nowata",2003,53,28,-95.6260913238725,36.8198423472456,10552,0.00265352539802881,285.5,423
"Nowata",2004,53,53,-95.6260913238725,36.8198423472456,10776,0.00491833704528582,405,636
"Nowata",2005,53,45,-95.6260913238725,36.8198423472456,10595,0.00424728645587541,365,587
"Nowata",2006,53,110,-95.6260913238725,36.8198423472456,10621,0.0103568402222013,594.5,860
"Nowata",2007,53,135,-95.6260913238725,36.8198423472456,10650,0.0126760563380282,645.5,890
"Nowata",2008,53,153,-95.6260913238725,36.8198423472456,10708,0.0142883825177437,680.5,899
"Nowata",2009,53,83,-95.6260913238725,36.8198423472456,10725,0.00773892773892774,525,796
"Nowata",2010,53,83,-95.6260913238725,36.8198423472456,10528,0.00788373860182371,525,802
"Nowata",2011,53,59,-95.6260913238725,36.8198423472456,10518,0.00560943145084617,431.5,692
"Nowata",2012,53,0,-95.6260913238725,36.8198423472456,10629,0,48,48
"Okfuskee",2001,54,16,-96.3097295106855,35.4641810903221,11824,0.0013531799729364,218,244
"Okfuskee",2002,54,13,-96.3097295106855,35.4641810903221,11719,0.00110930966806041,197.5,205
"Okfuskee",2003,54,8,-96.3097295106855,35.4641810903221,11569,0.000691503154983145,156.5,138
"Okfuskee",2004,54,12,-96.3097295106855,35.4641810903221,11538,0.00104004160166407,191,191
"Okfuskee",2005,54,33,-96.3097295106855,35.4641810903221,11436,0.00288562434417629,309.5,457
"Okfuskee",2006,54,61,-96.3097295106855,35.4641810903221,11263,0.00541596377519311,437.5,676
"Okfuskee",2007,54,74,-96.3097295106855,35.4641810903221,11191,0.00661245643820928,488.5,751
"Okfuskee",2008,54,50,-96.3097295106855,35.4641810903221,11186,0.00446987305560522,390,607
"Okfuskee",2009,54,34,-96.3097295106855,35.4641810903221,11107,0.00306113261906906,313.5,472
"Okfuskee",2010,54,43,-96.3097295106855,35.4641810903221,10924,0.00393628707433175,355,566
"Okfuskee",2011,54,43,-96.3097295106855,35.4641810903221,12228,0.00351651946352633,355,515
"Okfuskee",2012,54,0,-96.3097295106855,35.4641810903221,12348,0,48,48
"Oklahoma",2001,55,1051,-97.4049770992058,35.5394523331614,661841,0.0015879946996333,907,277
"Oklahoma",2002,55,1324,-97.4049770992058,35.5394523331614,665401,0.00198977759275985,910,333
"Oklahoma",2003,55,1490,-97.4049770992058,35.5394523331614,672324,0.00221619338295227,911,368
"Oklahoma",2004,55,2083,-97.4049770992058,35.5394523331614,676646,0.00307841914383592,915,474
"Oklahoma",2005,55,3039,-97.4049770992058,35.5394523331614,679913,0.00446968950439247,919,606
"Oklahoma",2006,55,4060,-97.4049770992058,35.5394523331614,685871,0.0059194804853974,922,708
"Oklahoma",2007,55,5422,-97.4049770992058,35.5394523331614,693007,0.00782387479491549,924,800
"Oklahoma",2008,55,5185,-97.4049770992058,35.5394523331614,699523,0.00741219373773271,923,779
"Oklahoma",2009,55,3856,-97.4049770992058,35.5394523331614,706116,0.00546085912229719,921,681
"Oklahoma",2010,55,3400,-97.4049770992058,35.5394523331614,716704,0.00474393892039112,920,627
"Oklahoma",2011,55,2336,-97.4049770992058,35.5394523331614,721298,0.00323860595759312,918,495
"Oklahoma",2012,55,0,-97.4049770992058,35.5394523331614,732371,0,48,48
"Okmulgee",2001,56,71,-95.9607718994239,35.6570209142237,39636,0.00179130083762236,474.5,301
"Okmulgee",2002,56,98,-95.9607718994239,35.6570209142237,39580,0.00247599797877716,566.5,402
"Okmulgee",2003,56,163,-95.9607718994239,35.6570209142237,39515,0.00412501581677844,692.5,580
"Okmulgee",2004,56,113,-95.9607718994239,35.6570209142237,39582,0.00285483300490122,599,452
"Okmulgee",2005,56,131,-95.9607718994239,35.6570209142237,39548,0.00331243046424598,636,503
"Okmulgee",2006,56,248,-95.9607718994239,35.6570209142237,39332,0.0063052984846944,795.5,734
"Okmulgee",2007,56,432,-95.9607718994239,35.6570209142237,39156,0.0110327919092859,873,875
"Okmulgee",2008,56,351,-95.9607718994239,35.6570209142237,39269,0.00893834831546512,846.5,828
"Okmulgee",2009,56,273,-95.9607718994239,35.6570209142237,39100,0.00698209718670077,810,764
"Okmulgee",2010,56,194,-95.9607718994239,35.6570209142237,39292,0.00493739183548814,732,637
"Okmulgee",2011,56,99,-95.9607718994239,35.6570209142237,40144,0.00246612196094061,569.5,401
"Okmulgee",2012,56,0,-95.9607718994239,35.6570209142237,39937,0,48,48
"Osage",2001,57,63,-96.4045798127983,36.634052844886,44553,0.00141404619217561,446,254
"Osage",2002,57,40,-96.4045798127983,36.634052844886,44938,0.000890115269927456,346,166
"Osage",2003,57,46,-96.4045798127983,36.634052844886,44877,0.00102502395436415,372.5,188
"Osage",2004,57,94,-96.4045798127983,36.634052844886,44842,0.00209624905222782,550.5,352
"Osage",2005,57,82,-96.4045798127983,36.634052844886,44773,0.00183146092511112,521,306
"Osage",2006,57,196,-96.4045798127983,36.634052844886,44952,0.00436020644242748,735.5,596
"Osage",2007,57,194,-96.4045798127983,36.634052844886,44933,0.00431753944762202,732,592
"Osage",2008,57,143,-96.4045798127983,36.634052844886,45269,0.00315889460778899,664.5,487
"Osage",2009,57,206,-96.4045798127983,36.634052844886,45203,0.00455721965356282,752,616
"Osage",2010,57,149,-96.4045798127983,36.634052844886,45051,0.00330736276664225,674,501
"Osage",2011,57,45,-96.4045798127983,36.634052844886,47412,0.000949126803340926,365,177
"Osage",2012,57,0,-96.4045798127983,36.634052844886,47425,0,48,48
"Ottawa",2001,58,38,-94.8180540321859,36.8552992868479,33238,0.00114326975148926,335.5,210
"Ottawa",2002,58,40,-94.8180540321859,36.8552992868479,33039,0.00121069039619843,346,222
"Ottawa",2003,58,36,-94.8180540321859,36.8552992868479,32625,0.00110344827586207,323,204
"Ottawa",2004,58,87,-94.8180540321859,36.8552992868479,32411,0.00268427385764092,536,432
"Ottawa",2005,58,72,-94.8180540321859,36.8552992868479,32388,0.00222304557243423,480,370
"Ottawa",2006,58,243,-94.8180540321859,36.8552992868479,32475,0.00748267898383372,790.5,781
"Ottawa",2007,58,146,-94.8180540321859,36.8552992868479,32757,0.00445706261257136,670.5,604
"Ottawa",2008,58,194,-94.8180540321859,36.8552992868479,32234,0.00601848979338587,732,711
"Ottawa",2009,58,150,-94.8180540321859,36.8552992868479,31644,0.00474023511566174,676.5,625
"Ottawa",2010,58,175,-94.8180540321859,36.8552992868479,31629,0.00553289702488223,706,685
"Ottawa",2011,58,100,-94.8180540321859,36.8552992868479,31851,0.00313961885027158,571.5,484
"Ottawa",2012,58,0,-94.8180540321859,36.8552992868479,31860,0,48,48
"Pawnee",2001,59,36,-96.6990049468818,36.3168088803122,16687,0.00215736801102655,323,359
"Pawnee",2002,59,19,-96.6990049468818,36.3168088803122,16765,0.00113331345064122,241.5,208
"Pawnee",2003,59,33,-96.6990049468818,36.3168088803122,16732,0.00197226870666985,309.5,326
"Pawnee",2004,59,19,-96.6990049468818,36.3168088803122,16616,0.00114347616754935,241.5,211
"Pawnee",2005,59,44,-96.6990049468818,36.3168088803122,16472,0.00267119961146187,359,428
"Pawnee",2006,59,102,-96.6990049468818,36.3168088803122,16470,0.00619307832422587,576,725
"Pawnee",2007,59,83,-96.6990049468818,36.3168088803122,16512,0.00502664728682171,525,647
"Pawnee",2008,59,103,-96.6990049468818,36.3168088803122,16490,0.00624620982413584,579,729
"Pawnee",2009,59,75,-96.6990049468818,36.3168088803122,16310,0.00459840588595953,495,619
"Pawnee",2010,59,58,-96.6990049468818,36.3168088803122,16419,0.00353249284365674,428.5,517
"Pawnee",2011,59,27,-96.6990049468818,36.3168088803122,16576,0.001628861003861,279.5,283
"Pawnee",2012,59,0,-96.6990049468818,36.3168088803122,16730,0,48,48
"Payne",2001,60,68,-96.9751478239377,36.0693458141458,68259,0.000996205628561801,463,182
"Payne",2002,60,88,-96.9751478239377,36.0693458141458,71437,0.00123185464115234,540,226
"Payne",2003,60,123,-96.9751478239377,36.0693458141458,72926,0.00168664125277679,615,290
"Payne",2004,60,212,-96.9751478239377,36.0693458141458,74873,0.00283146127442469,759,450
"Payne",2005,60,238,-96.9751478239377,36.0693458141458,76044,0.00312976697701331,785,483
"Payne",2006,60,384,-96.9751478239377,36.0693458141458,76144,0.00504307627652868,859,651
"Payne",2007,60,502,-96.9751478239377,36.0693458141458,79741,0.00629538129694887,882,732
"Payne",2008,60,603,-96.9751478239377,36.0693458141458,78326,0.00769859305977581,891,791
"Payne",2009,60,592,-96.9751478239377,36.0693458141458,78733,0.00751908348468876,890,783
"Payne",2010,60,444,-96.9751478239377,36.0693458141458,79727,0.00556900422692438,877,688
"Payne",2011,60,390,-96.9751478239377,36.0693458141458,77444,0.00503589690615154,861,649
"Payne",2012,60,0,-96.9751478239377,36.0693458141458,77988,0,48,48
"Pittsburg",2001,61,64,-95.7439797251411,34.9488015969789,43948,0.00145626649676891,450.5,258
"Pittsburg",2002,61,100,-95.7439797251411,34.9488015969789,43349,0.00230685828969526,571.5,378
"Pittsburg",2003,61,169,-95.7439797251411,34.9488015969789,43767,0.00386135672995636,703,558
"Pittsburg",2004,61,97,-95.7439797251411,34.9488015969789,43688,0.00222028932429958,563,369
"Pittsburg",2005,61,291,-95.7439797251411,34.9488015969789,43639,0.00666834712069479,820.5,753
"Pittsburg",2006,61,381,-95.7439797251411,34.9488015969789,43910,0.00867683898884081,858,820
"Pittsburg",2007,61,627,-95.7439797251411,34.9488015969789,44249,0.0141698117471581,894.5,898
"Pittsburg",2008,61,636,-95.7439797251411,34.9488015969789,44423,0.0143169079080656,896,900
"Pittsburg",2009,61,617,-95.7439797251411,34.9488015969789,44776,0.0137797034125424,892,895
"Pittsburg",2010,61,441,-95.7439797251411,34.9488015969789,45211,0.00975426334299175,876,840
"Pittsburg",2011,61,405,-95.7439797251411,34.9488015969789,45788,0.00884511225648642,864,826
"Pittsburg",2012,61,0,-95.7439797251411,34.9488015969789,45625,0,48,48
"Pontotoc",2001,62,25,-96.674562329413,34.7307576005793,35162,0.000710994823957682,272,140
"Pontotoc",2002,62,41,-96.674562329413,34.7307576005793,34917,0.00117421313400349,351,215
"Pontotoc",2003,62,25,-96.674562329413,34.7307576005793,35010,0.000714081690945444,272,141
"Pontotoc",2004,62,27,-96.674562329413,34.7307576005793,35146,0.000768223979969271,279.5,148
"Pontotoc",2005,62,57,-96.674562329413,34.7307576005793,35234,0.00161775557699949,423.5,281
"Pontotoc",2006,62,98,-96.674562329413,34.7307576005793,35439,0.00276531504839301,566.5,443
"Pontotoc",2007,62,102,-96.674562329413,34.7307576005793,35721,0.00285546317292349,576,453
"Pontotoc",2008,62,84,-96.674562329413,34.7307576005793,36411,0.00230699513883167,528.5,379
"Pontotoc",2009,62,88,-96.674562329413,34.7307576005793,36948,0.00238172566850709,540,387
"Pontotoc",2010,62,167,-96.674562329413,34.7307576005793,37422,0.00446261557372668,700,605
"Pontotoc",2011,62,104,-96.674562329413,34.7307576005793,37586,0.00276698770818922,581.5,444
"Pontotoc",2012,62,0,-96.674562329413,34.7307576005793,37799,0,48,48
"Pottawatomie",2001,63,70,-96.9445206954569,35.3015638806384,65675,0.00106585458698135,471,195
"Pottawatomie",2002,63,102,-96.9445206954569,35.3015638806384,66271,0.00153913476482926,576,267
"Pottawatomie",2003,63,204,-96.9445206954569,35.3015638806384,66614,0.00306241931125589,748,473
"Pottawatomie",2004,63,124,-96.9445206954569,35.3015638806384,67544,0.00183584034111098,618,307
"Pottawatomie",2005,63,139,-96.9445206954569,35.3015638806384,67405,0.00206216156071508,654,345
"Pottawatomie",2006,63,366,-96.9445206954569,35.3015638806384,67707,0.00540564491116133,854,675
"Pottawatomie",2007,63,297,-96.9445206954569,35.3015638806384,68162,0.00435726651213286,825,594
"Pottawatomie",2008,63,372,-96.9445206954569,35.3015638806384,69170,0.00537805406968339,857,674
"Pottawatomie",2009,63,385,-96.9445206954569,35.3015638806384,69464,0.00554243924910745,860,686
"Pottawatomie",2010,63,253,-96.9445206954569,35.3015638806384,70274,0.00360019352818966,798,523
"Pottawatomie",2011,63,150,-96.9445206954569,35.3015638806384,69646,0.00215374895902134,676.5,358
"Pottawatomie",2012,63,0,-96.9445206954569,35.3015638806384,70280,0,48,48
"Pushmataha",2001,64,36,-95.3842741209906,34.4497873058268,11654,0.00308906813111378,323,475
"Pushmataha",2002,64,46,-95.3842741209906,34.4497873058268,11653,0.00394748133527847,372.5,567
"Pushmataha",2003,64,23,-95.3842741209906,34.4497873058268,11607,0.00198156285000431,260,329
"Pushmataha",2004,64,65,-95.3842741209906,34.4497873058268,11535,0.00563502384048548,454.5,694
"Pushmataha",2005,64,95,-95.3842741209906,34.4497873058268,11559,0.00821870404014188,556,809
"Pushmataha",2006,64,88,-95.3842741209906,34.4497873058268,11467,0.00767419551757216,540,789
"Pushmataha",2007,64,322,-95.3842741209906,34.4497873058268,11517,0.0279586697924807,838,924
"Pushmataha",2008,64,215,-95.3842741209906,34.4497873058268,11624,0.0184962147281487,765,910
"Pushmataha",2009,64,178,-95.3842741209906,34.4497873058268,11672,0.0152501713502399,708,903
"Pushmataha",2010,64,87,-95.3842741209906,34.4497873058268,11812,0.00736539112766678,536,774
"Pushmataha",2011,64,71,-95.3842741209906,34.4497873058268,11579,0.00613179031004404,474.5,718
"Pushmataha",2012,64,0,-95.3842741209906,34.4497873058268,11478,0,48,48
"Roger Mills",2001,65,5,-99.6999273109391,35.6831343827393,3425,0.00145985401459854,130,259
"Roger Mills",2002,65,9,-99.6999273109391,35.6831343827393,3310,0.0027190332326284,167,434
"Roger Mills",2003,65,7,-99.6999273109391,35.6831343827393,3195,0.00219092331768388,145,366
"Roger Mills",2004,65,4,-99.6999273109391,35.6831343827393,3154,0.00126823081800888,123,231
"Roger Mills",2005,65,11,-99.6999273109391,35.6831343827393,3212,0.00342465753424658,184.5,507
"Roger Mills",2006,65,17,-99.6999273109391,35.6831343827393,3261,0.005213124808341,226.5,664
"Roger Mills",2007,65,3,-99.6999273109391,35.6831343827393,3241,0.000925640234495526,115.5,170
"Roger Mills",2008,65,10,-99.6999273109391,35.6831343827393,3273,0.00305530094714329,176,471
"Roger Mills",2009,65,22,-99.6999273109391,35.6831343827393,3370,0.00652818991097923,255,742
"Roger Mills",2010,65,10,-99.6999273109391,35.6831343827393,3407,0.00293513354857646,176,460
"Roger Mills",2011,65,3,-99.6999273109391,35.6831343827393,3643,0.000823497117760088,115.5,154
"Roger Mills",2012,65,0,-99.6999273109391,35.6831343827393,3702,0,48,48
"Rogers",2001,66,60,-95.6121330018314,36.3979046759883,71370,0.000840689365279529,434,156
"Rogers",2002,66,74,-95.6121330018314,36.3979046759883,72974,0.0010140598021213,488.5,186
"Rogers",2003,66,101,-95.6121330018314,36.3979046759883,74960,0.00134738527214514,573.5,240
"Rogers",2004,66,166,-95.6121330018314,36.3979046759883,76890,0.00215892833918585,697,360
"Rogers",2005,66,190,-95.6121330018314,36.3979046759883,78565,0.00241837968561064,724,393
"Rogers",2006,66,329,-95.6121330018314,36.3979046759883,79669,0.00412958616274837,841,581
"Rogers",2007,66,504,-95.6121330018314,36.3979046759883,81476,0.00618587068584614,883,724
"Rogers",2008,66,299,-95.6121330018314,36.3979046759883,83188,0.00359426840409674,827,521
"Rogers",2009,66,119,-95.6121330018314,36.3979046759883,84464,0.00140888425838227,609,251
"Rogers",2010,66,142,-95.6121330018314,36.3979046759883,85654,0.00165783267564854,660.5,287
"Rogers",2011,66,82,-95.6121330018314,36.3979046759883,87042,0.000942073941315687,521,174
"Rogers",2012,66,0,-95.6121330018314,36.3979046759883,87706,0,48,48
"Seminole",2001,67,66,-96.6001413613621,35.1681506005071,24870,0.00265379975874548,458,424
"Seminole",2002,67,61,-96.6001413613621,35.1681506005071,24497,0.0024901008286729,437.5,404
"Seminole",2003,67,55,-96.6001413613621,35.1681506005071,24193,0.00227338486339024,415.5,376
"Seminole",2004,67,72,-96.6001413613621,35.1681506005071,24093,0.00298841987299216,480,464
"Seminole",2005,67,154,-96.6001413613621,35.1681506005071,24180,0.00636889991728701,682,736
"Seminole",2006,67,129,-96.6001413613621,35.1681506005071,24119,0.00534848045109665,630,671
"Seminole",2007,67,237,-96.6001413613621,35.1681506005071,24109,0.00983035380978058,781,845
"Seminole",2008,67,156,-96.6001413613621,35.1681506005071,24025,0.00649323621227888,684.5,740
"Seminole",2009,67,66,-96.6001413613621,35.1681506005071,24110,0.00273745333886354,458,438
"Seminole",2010,67,118,-96.6001413613621,35.1681506005071,24296,0.00485676654593349,607,633
"Seminole",2011,67,76,-96.6001413613621,35.1681506005071,25451,0.00298613021099367,501.5,463
"Seminole",2012,67,0,-96.6001413613621,35.1681506005071,25292,0,48,48
"Sequoyah",2001,68,39,-94.760490800755,35.5205440172208,39047,0.000998796322380721,340,183
"Sequoyah",2002,68,80,-94.760490800755,35.5205440172208,39228,0.0020393596410727,515.5,342
"Sequoyah",2003,68,91,-94.760490800755,35.5205440172208,39401,0.00230958605111545,545,381
"Sequoyah",2004,68,72,-94.760490800755,35.5205440172208,39634,0.00181662209214311,480,303
"Sequoyah",2005,68,120,-94.760490800755,35.5205440172208,40064,0.00299520766773163,610.5,468
"Sequoyah",2006,68,205,-94.760490800755,35.5205440172208,40204,0.0050989951248632,750.5,654
"Sequoyah",2007,68,226,-94.760490800755,35.5205440172208,40728,0.00554900805342762,773,687
"Sequoyah",2008,68,255,-94.760490800755,35.5205440172208,40975,0.00622330689444783,799,727
"Sequoyah",2009,68,257,-94.760490800755,35.5205440172208,41089,0.00625471537394436,801.5,730
"Sequoyah",2010,68,298,-94.760490800755,35.5205440172208,41433,0.00719233461250694,826,770
"Sequoyah",2011,68,192,-94.760490800755,35.5205440172208,42435,0.00452456698480028,729,612
"Sequoyah",2012,68,0,-94.760490800755,35.5205440172208,42341,0,48,48
"Stephens",2001,69,25,-97.8463715950095,34.4843230918468,43072,0.000580423476968796,272,128
"Stephens",2002,69,33,-97.8463715950095,34.4843230918468,42623,0.000774229875888605,309.5,149
"Stephens",2003,69,33,-97.8463715950095,34.4843230918468,42460,0.00077720207253886,309.5,150
"Stephens",2004,69,73,-97.8463715950095,34.4843230918468,42255,0.00172760620044965,484.5,295
"Stephens",2005,69,74,-97.8463715950095,34.4843230918468,42446,0.00174339160344909,488.5,297
"Stephens",2006,69,80,-97.8463715950095,34.4843230918468,42544,0.00188040616773223,515.5,314
"Stephens",2007,69,158,-97.8463715950095,34.4843230918468,42751,0.00369581998081916,687,537
"Stephens",2008,69,156,-97.8463715950095,34.4843230918468,43148,0.00361546305738389,684.5,525
"Stephens",2009,69,94,-97.8463715950095,34.4843230918468,43351,0.00216834675094,550.5,362
"Stephens",2010,69,104,-97.8463715950095,34.4843230918468,43487,0.00239151930461977,581.5,389
"Stephens",2011,69,89,-97.8463715950095,34.4843230918468,45093,0.00197369880025725,542,327
"Stephens",2012,69,0,-97.8463715950095,34.4843230918468,45197,0,48,48
"Texas",2001,70,7,-101.477803361668,36.7450721534074,20203,0.000346483195565015,145,111
"Texas",2002,70,13,-101.477803361668,36.7450721534074,20113,0.000646348133048277,197.5,133
"Texas",2003,70,21,-101.477803361668,36.7450721534074,20014,0.0010492655141401,250,193
"Texas",2004,70,31,-101.477803361668,36.7450721534074,19847,0.00156194890915504,302,272
"Texas",2005,70,17,-101.477803361668,36.7450721534074,20198,0.000841667491830874,226.5,158
"Texas",2006,70,39,-101.477803361668,36.7450721534074,20021,0.00194795464762,340,321
"Texas",2007,70,32,-101.477803361668,36.7450721534074,20096,0.00159235668789809,306,280
"Texas",2008,70,19,-101.477803361668,36.7450721534074,20151,0.000942881246588259,241.5,175
"Texas",2009,70,29,-101.477803361668,36.7450721534074,20573,0.0014096145433335,291,252
"Texas",2010,70,14,-101.477803361668,36.7450721534074,21135,0.000662408327418973,205,134
"Texas",2011,70,19,-101.477803361668,36.7450721534074,20855,0.00091105250539439,241.5,168
"Texas",2012,70,0,-101.477803361668,36.7450721534074,21312,0,48,48
"Tillman",2001,71,0,-98.921205231615,34.3753490926514,9244,0,48,48
"Tillman",2002,71,4,-98.921205231615,34.3753490926514,9190,0.00043525571273123,123,117
"Tillman",2003,71,8,-98.921205231615,34.3753490926514,8810,0.000908059023836549,156.5,167
"Tillman",2004,71,1,-98.921205231615,34.3753490926514,8747,0.000114324911398194,98.5,98
"Tillman",2005,71,15,-98.921205231615,34.3753490926514,8587,0.00174682659834634,211.5,298
"Tillman",2006,71,83,-98.921205231615,34.3753490926514,8358,0.00993060540799234,525,848
"Tillman",2007,71,87,-98.921205231615,34.3753490926514,8259,0.0105339629495096,536,865
"Tillman",2008,71,37,-98.921205231615,34.3753490926514,8108,0.00456339417858905,331,617
"Tillman",2009,71,25,-98.921205231615,34.3753490926514,7928,0.00315338042381433,272,486
"Tillman",2010,71,19,-98.921205231615,34.3753490926514,7796,0.00243714725500257,241.5,397
"Tillman",2011,71,11,-98.921205231615,34.3753490926514,7999,0.00137517189648706,184.5,246
"Tillman",2012,71,0,-98.921205231615,34.3753490926514,8061,0,48,48
"Tulsa",2001,72,357,-95.9428049690609,36.1338366907781,563854,0.000633142622026269,851,132
"Tulsa",2002,72,477,-95.9428049690609,36.1338366907781,566789,0.000841583022959161,880,157
"Tulsa",2003,72,521,-95.9428049690609,36.1338366907781,570207,0.000913703269163655,884,169
"Tulsa",2004,72,704,-95.9428049690609,36.1338366907781,569584,0.00123598977499368,900,227
"Tulsa",2005,72,1129,-95.9428049690609,36.1338366907781,567695,0.00198874395582135,909,332
"Tulsa",2006,72,1774,-95.9428049690609,36.1338366907781,570051,0.00311200225944696,913,478
"Tulsa",2007,72,2216,-95.9428049690609,36.1338366907781,577271,0.00383875164350885,917,555
"Tulsa",2008,72,2159,-95.9428049690609,36.1338366907781,585407,0.00368803242872053,916,534
"Tulsa",2009,72,1931,-95.9428049690609,36.1338366907781,592406,0.00325958886304325,914,497
"Tulsa",2010,72,1517,-95.9428049690609,36.1338366907781,601961,0.00252009681690342,912,410
"Tulsa",2011,72,1095,-95.9428049690609,36.1338366907781,605413,0.00180868266786475,908,302
"Tulsa",2012,72,0,-95.9428049690609,36.1338366907781,610599,0,48,48
"Wagoner",2001,73,69,-95.5384179113774,35.9858739766272,57703,0.00119577838240646,467,217
"Wagoner",2002,73,50,-95.5384179113774,35.9858739766272,58758,0.00085094795602301,390,160
"Wagoner",2003,73,56,-95.5384179113774,35.9858739766272,60178,0.000930572634517598,419.5,172
"Wagoner",2004,73,87,-95.5384179113774,35.9858739766272,61085,0.00142424490464107,536,257
"Wagoner",2005,73,122,-95.5384179113774,35.9858739766272,61981,0.00196834513802617,612.5,325
"Wagoner",2006,73,182,-95.5384179113774,35.9858739766272,63119,0.00288344238660308,711.5,456
"Wagoner",2007,73,275,-95.5384179113774,35.9858739766272,65071,0.00422615297136974,811.5,585
"Wagoner",2008,73,217,-95.5384179113774,35.9858739766272,67220,0.00322820589110384,766.5,492
"Wagoner",2009,73,188,-95.5384179113774,35.9858739766272,69040,0.00272305909617613,722,435
"Wagoner",2010,73,218,-95.5384179113774,35.9858739766272,70394,0.00309685484558343,768,476
"Wagoner",2011,73,141,-95.5384179113774,35.9858739766272,73395,0.00192111179235643,659,319
"Wagoner",2012,73,0,-95.5384179113774,35.9858739766272,74098,0,48,48
"Washington",2001,74,18,-95.9132782566878,36.7270298442834,48977,0.000367519447904118,234.5,113
"Washington",2002,74,90,-95.9132782566878,36.7270298442834,48875,0.00184143222506394,543.5,309
"Washington",2003,74,120,-95.9132782566878,36.7270298442834,48988,0.00244957948885441,610.5,399
"Washington",2004,74,143,-95.9132782566878,36.7270298442834,48911,0.00292367770031281,664.5,459
"Washington",2005,74,203,-95.9132782566878,36.7270298442834,48890,0.00415217835958274,745,583
"Washington",2006,74,188,-95.9132782566878,36.7270298442834,48740,0.0038572014772261,722,557
"Washington",2007,74,246,-95.9132782566878,36.7270298442834,49058,0.00501447266500876,794,644
"Washington",2008,74,406,-95.9132782566878,36.7270298442834,49903,0.00813578341983448,865,807
"Washington",2009,74,413,-95.9132782566878,36.7270298442834,50556,0.00816915895244877,867,808
"Washington",2010,74,313,-95.9132782566878,36.7270298442834,50706,0.00617283950617284,833,721.5
"Washington",2011,74,281,-95.9132782566878,36.7270298442834,51048,0.00550462309982761,817.5,683
"Washington",2012,74,0,-95.9132782566878,36.7270298442834,51476,0,48,48
"Washita",2001,75,0,-98.9917075036666,35.2907305029854,11500,0,48,48
"Washita",2002,75,12,-98.9917075036666,35.2907305029854,11377,0.00105475960270722,191,194
"Washita",2003,75,22,-98.9917075036666,35.2907305029854,11263,0.00195329841072538,255,323
"Washita",2004,75,13,-98.9917075036666,35.2907305029854,11226,0.00115802601104579,197.5,213
"Washita",2005,75,25,-98.9917075036666,35.2907305029854,11234,0.00222538721737582,272,371
"Washita",2006,75,36,-98.9917075036666,35.2907305029854,11264,0.00319602272727273,323,491
"Washita",2007,75,19,-98.9917075036666,35.2907305029854,11465,0.00165721761883995,241.5,286
"Washita",2008,75,28,-98.9917075036666,35.2907305029854,11630,0.00240756663800516,285.5,392
"Washita",2009,75,30,-98.9917075036666,35.2907305029854,11691,0.00256607646907878,296,414
"Washita",2010,75,13,-98.9917075036666,35.2907305029854,11813,0.00110048251925844,197.5,203
"Washita",2011,75,11,-98.9917075036666,35.2907305029854,11618,0.000946806679290756,184.5,176
"Washita",2012,75,0,-98.9917075036666,35.2907305029854,11574,0,48,48
"Woods",2001,76,59,-98.8729461327617,36.7708675261212,9042,0.00652510506525105,431.5,741
"Woods",2002,76,39,-98.8729461327617,36.7708675261212,8846,0.00440877232647524,340,598
"Woods",2003,76,95,-98.8729461327617,36.7708675261212,8837,0.0107502546112934,556,869
"Woods",2004,76,64,-98.8729461327617,36.7708675261212,8641,0.00740655016780465,450.5,778
"Woods",2005,76,188,-98.8729461327617,36.7708675261212,8566,0.0219472332477236,722,918
"Woods",2006,76,85,-98.8729461327617,36.7708675261212,8540,0.00995316159250586,530.5,849
"Woods",2007,76,191,-98.8729461327617,36.7708675261212,8390,0.0227651966626937,726.5,919
"Woods",2008,76,213,-98.8729461327617,36.7708675261212,8471,0.0251446110258529,762,923
"Woods",2009,76,149,-98.8729461327617,36.7708675261212,8379,0.0177825516171381,674,908
"Woods",2010,76,112,-98.8729461327617,36.7708675261212,8418,0.0133048229983369,597,893
"Woods",2011,76,62,-98.8729461327617,36.7708675261212,8895,0.00697020798201237,441.5,762
"Woods",2012,76,0,-98.8729461327617,36.7708675261212,8775,0,48,48
"Woodward",2001,77,8,-99.260005758032,36.416401211778,18427,0.000434145547294731,156.5,116
"Woodward",2002,77,20,-99.260005758032,36.416401211778,18317,0.00109188185838292,246.5,202
"Woodward",2003,77,7,-99.260005758032,36.416401211778,18382,0.000380807311500381,145,114
"Woodward",2004,77,67,-99.260005758032,36.416401211778,18416,0.00363814074717637,460.5,527
"Woodward",2005,77,144,-99.260005758032,36.416401211778,18720,0.00769230769230769,668.5,790
"Woodward",2006,77,131,-99.260005758032,36.416401211778,18849,0.0069499708207332,636,761
"Woodward",2007,77,191,-99.260005758032,36.416401211778,19016,0.010044173327724,726.5,852
"Woodward",2008,77,229,-99.260005758032,36.416401211778,19595,0.0116866547588671,777,880
"Woodward",2009,77,163,-99.260005758032,36.416401211778,19729,0.00826194941456739,692.5,810
"Woodward",2010,77,129,-99.260005758032,36.416401211778,19959,0.0064632496618067,630,738
"Woodward",2011,77,132,-99.260005758032,36.416401211778,19964,0.00661190142256061,638.5,750
"Woodward",2012,77,0,-99.260005758032,36.416401211778,20034,0,48,48
